method,path,field_name,field_type,required_optional,param_location,format,minLength,maxLength,pattern,is_enum
POST,/authenticate/api,login_id,string,required,formData,,1,50,,
POST,/authenticate/api,api_key,string,required,formData,,64,64,^[a-f0-9]{64}$,
POST,/authenticate/close_session,X-Auth-Token,string,required,header,uuid,36,36,^[a-fA-F0-9]{8}-[a-fA-F0-9]{4}-[a-fA-F0-9]{4}-[a-fA-F0-9]{4}-[a-fA-F0-9]{12}$,
POST,/accounts/create,X-Auth-Token,string,required,header,uuid,36,36,^[a-fA-F0-9]{8}-[a-fA-F0-9]{4}-[a-fA-F0-9]{4}-[a-fA-F0-9]{4}-[a-fA-F0-9]{12}$,
POST,/accounts/create,account_name,string,required,formData,,1,150,\S+,
POST,/accounts/create,legal_entity_type,string,required,formData,,,,,true
POST,/accounts/create,street,string,required,formData,,,150,,
POST,/accounts/create,city,string,required,formData,,,100,,
POST,/accounts/create,postal_code,string,optional,formData,,,20,,
POST,/accounts/create,country,string,required,formData,iso3166-1-alpha-2,2,2,^[A-Z]{2}$,
POST,/accounts/create,brand,string,optional,formData,,1,255,,
POST,/accounts/create,your_reference,string,optional,formData,,1,255,,
POST,/accounts/create,status,string,optional,formData,,,,,true
POST,/accounts/create,state_or_province,string,optional,formData,,,100,,
POST,/accounts/create,spread_table,string,optional,formData,,,100,,
POST,/accounts/create,api_trading,boolean,optional,formData,,,,,
POST,/accounts/create,online_trading,boolean,optional,formData,,,,,
POST,/accounts/create,phone_trading,boolean,optional,formData,,,,,
POST,/accounts/create,identification_type,string,optional,formData,,,,,true
POST,/accounts/create,identification_value,string,optional,formData,,1,255,,
POST,/accounts/create,terms_and_conditions_accepted,boolean,optional,formData,,,,,
GET,/accounts/{id},X-Auth-Token,string,required,header,uuid,36,36,^[a-fA-F0-9]{8}-[a-fA-F0-9]{4}-[a-fA-F0-9]{4}-[a-fA-F0-9]{4}-[a-fA-F0-9]{12}$,
GET,/accounts/{id},id,string,required,path,uuid,36,36,^[a-fA-F0-9]{8}-[a-fA-F0-9]{4}-[a-fA-F0-9]{4}-[a-fA-F0-9]{4}-[a-fA-F0-9]{12}$,
GET,/accounts/{id},on_behalf_of,string,optional,query,uuid,36,36,^[a-fA-F0-9]{8}-[a-fA-F0-9]{4}-[a-fA-F0-9]{4}-[a-fA-F0-9]{4}-[a-fA-F0-9]{12}$,
POST,/accounts/{id},X-Auth-Token,string,required,header,uuid,36,36,^[a-fA-F0-9]{8}-[a-fA-F0-9]{4}-[a-fA-F0-9]{4}-[a-fA-F0-9]{4}-[a-fA-F0-9]{12}$,
POST,/accounts/{id},id,string,required,path,uuid,36,36,^[a-fA-F0-9]{8}-[a-fA-F0-9]{4}-[a-fA-F0-9]{4}-[a-fA-F0-9]{4}-[a-fA-F0-9]{12}$,
POST,/accounts/{id},account_name,string,optional,formData,,1,150,\S+,
POST,/accounts/{id},legal_entity_type,string,optional,formData,,,,,true
POST,/accounts/{id},brand,string,optional,formData,,1,255,,
POST,/accounts/{id},your_reference,string,optional,formData,,1,255,,
POST,/accounts/{id},status,string,optional,formData,,,,,true
POST,/accounts/{id},street,string,optional,formData,,,150,,
POST,/accounts/{id},city,string,optional,formData,,,100,,
POST,/accounts/{id},state_or_province,string,optional,formData,,,100,,
POST,/accounts/{id},postal_code,string,optional,formData,,,20,,
POST,/accounts/{id},country,string,optional,formData,iso3166-1-alpha-2,2,2,^[A-Z]{2}$,
POST,/accounts/{id},spread_table,string,optional,formData,,,100,,
POST,/accounts/{id},api_trading,boolean,optional,formData,,,,,
POST,/accounts/{id},online_trading,boolean,optional,formData,,,,,
POST,/accounts/{id},phone_trading,boolean,optional,formData,,,,,
POST,/accounts/{id},identification_type,string,optional,formData,,,,,true
POST,/accounts/{id},identification_value,string,optional,formData,,1,255,,
POST,/accounts/{id},terms_and_conditions_accepted,boolean,optional,formData,,,,,
GET,/accounts/current,X-Auth-Token,string,required,header,uuid,36,36,^[a-fA-F0-9]{8}-[a-fA-F0-9]{4}-[a-fA-F0-9]{4}-[a-fA-F0-9]{4}-[a-fA-F0-9]{12}$,
POST,/accounts/find,X-Auth-Token,string,required,header,uuid,36,36,^[a-fA-F0-9]{8}-[a-fA-F0-9]{4}-[a-fA-F0-9]{4}-[a-fA-F0-9]{4}-[a-fA-F0-9]{12}$,
POST,/accounts/find,account_name,string,optional,formData,,1,150,\S+,
POST,/accounts/find,brand,string,optional,formData,,1,255,,
POST,/accounts/find,your_reference,string,optional,formData,,1,255,,
POST,/accounts/find,status,string,optional,formData,,,,,true
POST,/accounts/find,street,string,optional,formData,,,150,,
POST,/accounts/find,city,string,optional,formData,,,100,,
POST,/accounts/find,state_or_province,string,optional,formData,,,100,,
POST,/accounts/find,postal_code,string,optional,formData,,,20,,
POST,/accounts/find,country,string,optional,formData,iso3166-1-alpha-2,2,2,^[A-Z]{2}$,
POST,/accounts/find,spread_table,string,optional,formData,,,100,,
POST,/accounts/find,bank_account_verified,string,optional,formData,,,,,true
POST,/accounts/find,page,integer,optional,formData,,,,^\d+$,
POST,/accounts/find,per_page,integer,optional,formData,,,,^\d+$,
POST,/accounts/find,order,string,optional,formData,,1,255,,
POST,/accounts/find,order_asc_desc,string,optional,formData,,,,,true
GET,/accounts/{account_id}/payment_charges_settings,X-Auth-Token,string,required,header,uuid,36,36,^[a-fA-F0-9]{8}-[a-fA-F0-9]{4}-[a-fA-F0-9]{4}-[a-fA-F0-9]{4}-[a-fA-F0-9]{12}$,
GET,/accounts/{account_id}/payment_charges_settings,account_id,string,required,path,uuid,36,36,^[a-fA-F0-9]{8}-[a-fA-F0-9]{4}-[a-fA-F0-9]{4}-[a-fA-F0-9]{4}-[a-fA-F0-9]{12}$,
POST,/accounts/{account_id}/payment_charges_settings/{charge_settings_id},X-Auth-Token,string,required,header,uuid,36,36,^[a-fA-F0-9]{8}-[a-fA-F0-9]{4}-[a-fA-F0-9]{4}-[a-fA-F0-9]{4}-[a-fA-F0-9]{12}$,
POST,/accounts/{account_id}/payment_charges_settings/{charge_settings_id},account_id,string,required,path,uuid,36,36,^[a-fA-F0-9]{8}-[a-fA-F0-9]{4}-[a-fA-F0-9]{4}-[a-fA-F0-9]{4}-[a-fA-F0-9]{12}$,
POST,/accounts/{account_id}/payment_charges_settings/{charge_settings_id},charge_settings_id,string,required,path,uuid,36,36,^[a-fA-F0-9]{8}-[a-fA-F0-9]{4}-[a-fA-F0-9]{4}-[a-fA-F0-9]{4}-[a-fA-F0-9]{12}$,
POST,/accounts/{account_id}/payment_charges_settings/{charge_settings_id},enabled,boolean,optional,formData,,,,,
POST,/accounts/{account_id}/payment_charges_settings/{charge_settings_id},default,boolean,optional,formData,,,,,
POST,/terms_and_conditions/accept,X-Auth-Token,string,required,header,uuid,36,36,,
POST,/terms_and_conditions/accept,type,string,required,formData,,,,,true
POST,/terms_and_conditions/accept,version,string,required,formData,,,,,true
POST,/terms_and_conditions/accept,reference_type,string,required,formData,,,,,true
POST,/terms_and_conditions/accept,reference_id,string,required,formData,uuid,36,36,^[a-fA-F0-9]{8}-[a-fA-F0-9]{4}-[a-fA-F0-9]{4}-[a-fA-F0-9]{4}-[a-fA-F0-9]{12}$,
POST,/terms_and_conditions/accept,first_name,string,required,formData,,1,100,,
POST,/terms_and_conditions/accept,last_name,string,required,formData,,1,100,,
POST,/terms_and_conditions/accept,email,string,required,formData,,1,255,"^[\\w\\.\\_\\%\\-\\+]+@([\\w\\-]+\\.)+\\w{2,}$",
GET,/balances/{currency},X-Auth-Token,string,required,header,uuid,36,36,^[a-fA-F0-9]{8}-[a-fA-F0-9]{4}-[a-fA-F0-9]{4}-[a-fA-F0-9]{4}-[a-fA-F0-9]{12}$,
GET,/balances/{currency},currency,string,required,path,iso-4217,3,3,^[A-Z]{3}$,
GET,/balances/{currency},on_behalf_of,string,optional,query,uuid,36,36,^[a-fA-F0-9]{8}-[a-fA-F0-9]{4}-[a-fA-F0-9]{4}-[a-fA-F0-9]{4}-[a-fA-F0-9]{12}$,
GET,/balances/find,X-Auth-Token,string,required,header,uuid,36,36,^[a-fA-F0-9]{8}-[a-fA-F0-9]{4}-[a-fA-F0-9]{4}-[a-fA-F0-9]{4}-[a-fA-F0-9]{12}$,
GET,/balances/find,on_behalf_of,string,optional,query,uuid,36,36,^[a-fA-F0-9]{8}-[a-fA-F0-9]{4}-[a-fA-F0-9]{4}-[a-fA-F0-9]{4}-[a-fA-F0-9]{12}$,
GET,/balances/find,amount_from,number,optional,query,,,,"^\d+(\.\d{1,3})?$",
GET,/balances/find,amount_to,number,optional,query,,,,"^\d+(\.\d{1,3})?$",
GET,/balances/find,as_at_date,string,optional,query,date-time,,,,
GET,/balances/find,scope,string,optional,query,,,,,true
GET,/balances/find,page,integer,optional,query,,,,^\d+$,
GET,/balances/find,per_page,integer,optional,query,,,,^\d+$,
GET,/balances/find,order,string,optional,query,,1,255,,true
GET,/balances/find,order_asc_desc,string,optional,query,,,,,true
POST,/balances/top_up_margin,X-Auth-Token,string,required,header,uuid,36,36,^[a-fA-F0-9]{8}-[a-fA-F0-9]{4}-[a-fA-F0-9]{4}-[a-fA-F0-9]{4}-[a-fA-F0-9]{12}$,
POST,/balances/top_up_margin,currency,string,required,formData,iso-4217,3,3,^[A-Z]{3}$,
POST,/balances/top_up_margin,amount,string,required,formData,,,,"^\d+(\.\d{1,3})?$",
POST,/balances/top_up_margin,on_behalf_of,string,optional,formData,UUID,36,36,^[a-fA-F0-9]{8}-[a-fA-F0-9]{4}-[a-fA-F0-9]{4}-[a-fA-F0-9]{4}-[a-fA-F0-9]{12}$,
POST,/beneficiaries/find,X-Auth-Token,string,required,header,uuid,36,36,^[a-fA-F0-9]{8}-[a-fA-F0-9]{4}-[a-fA-F0-9]{4}-[a-fA-F0-9]{4}-[a-fA-F0-9]{12}$,
POST,/beneficiaries/find,on_behalf_of,string,optional,formData,uuid,36,36,^[a-fA-F0-9]{8}-[a-fA-F0-9]{4}-[a-fA-F0-9]{4}-[a-fA-F0-9]{4}-[a-fA-F0-9]{12}$,
POST,/beneficiaries/find,bank_account_holder_name,string,optional,formData,,1,255,,
POST,/beneficiaries/find,beneficiary_country,string,optional,formData,iso3166-1-alpha-2,,,^[A-Z]{2}$,
POST,/beneficiaries/find,currency,string,optional,formData,iso-4217,3,3,^[A-Z]{3}$,
POST,/beneficiaries/find,account_number,string,optional,formData,,1,50,,
POST,/beneficiaries/find,routing_code_type[0],string,optional,formData,,,,,true
POST,/beneficiaries/find,routing_code_value[0],string,optional,formData,,1,50,,
POST,/beneficiaries/find,bic_swift,string,optional,formData,,,,^(\w{8}|\w{11})$,
POST,/beneficiaries/find,iban,string,optional,formData,,1,34,"([A-Z0-9]\s*){15,34}",
POST,/beneficiaries/find,default_beneficiary,boolean,optional,formData,,,,,
POST,/beneficiaries/find,bank_name,string,optional,formData,,1,,,
POST,/beneficiaries/find,bank_account_type,string,optional,formData,,,,,true
POST,/beneficiaries/find,name,string,optional,formData,,1,100,\S+,
POST,/beneficiaries/find,beneficiary_entity_type,string,optional,formData,,,,,true
POST,/beneficiaries/find,beneficiary_company_name,string,optional,formData,,1,255,,
POST,/beneficiaries/find,beneficiary_first_name,string,optional,formData,,1,255,,
POST,/beneficiaries/find,beneficiary_last_name,string,optional,formData,,1,255,,
POST,/beneficiaries/find,beneficiary_city,string,optional,formData,,1,255,,
POST,/beneficiaries/find,beneficiary_postcode,string,optional,formData,,,12,,
POST,/beneficiaries/find,beneficiary_state_or_province,string,optional,formData,,1,255,,
POST,/beneficiaries/find,beneficiary_date_of_birth,string,optional,formData,date,,,^\\d{4}-\\d{2}-\\d{2}$,
POST,/beneficiaries/find,scope,string,optional,formData,,,,,true
POST,/beneficiaries/find,page,integer,optional,formData,,,,^\d+$,
POST,/beneficiaries/find,per_page,integer,optional,formData,,,,^\d+$,
POST,/beneficiaries/find,order,string,optional,formData,,1,255,,
POST,/beneficiaries/find,order_asc_desc,string,optional,formData,,,,,true
POST,/beneficiaries/find,beneficiary_external_reference,string,optional,formData,,1,255,,
GET,/beneficiaries/{id},X-Auth-Token,string,required,header,uuid,36,36,^[a-fA-F0-9]{8}-[a-fA-F0-9]{4}-[a-fA-F0-9]{4}-[a-fA-F0-9]{4}-[a-fA-F0-9]{12}$,
GET,/beneficiaries/{id},id,string,required,path,uuid,36,36,^[a-fA-F0-9]{8}-[a-fA-F0-9]{4}-[a-fA-F0-9]{4}-[a-fA-F0-9]{4}-[a-fA-F0-9]{12}$,
GET,/beneficiaries/{id},on_behalf_of,string,optional,query,uuid,36,36,^[a-fA-F0-9]{8}-[a-fA-F0-9]{4}-[a-fA-F0-9]{4}-[a-fA-F0-9]{4}-[a-fA-F0-9]{12}$,
POST,/beneficiaries/{id},X-Auth-Token,string,required,header,uuid,36,36,^[a-fA-F0-9]{8}-[a-fA-F0-9]{4}-[a-fA-F0-9]{4}-[a-fA-F0-9]{4}-[a-fA-F0-9]{12}$,
POST,/beneficiaries/{id},id,string,required,path,uuid,36,36,^[a-fA-F0-9]{8}-[a-fA-F0-9]{4}-[a-fA-F0-9]{4}-[a-fA-F0-9]{4}-[a-fA-F0-9]{12}$,
POST,/beneficiaries/{id},name,string,optional,formData,,1,100,\S+,
POST,/beneficiaries/{id},bank_account_holder_name,string,optional,formData,,1,255,,
POST,/beneficiaries/{id},bank_country,string,optional,formData,iso3166-1-alpha-2,2,2,^[A-Z]{2}$,
POST,/beneficiaries/{id},currency,string,optional,formData,iso-4217,3,3,^[A-Z]{3}$,
POST,/beneficiaries/{id},email,string,optional,formData,,1,255,"^[\\w\\.\\_\\%\\-\\+]+@([\\w\\-]+\\.)+\\w{2,}$",
POST,/beneficiaries/{id},beneficiary_address,string,optional,formData,,1,255,,
POST,/beneficiaries/{id},beneficiary_country,string,optional,formData,iso3166-1-alpha-2,,,^[A-Z]{2}$,
POST,/beneficiaries/{id},account_number,string,optional,formData,,1,50,,
POST,/beneficiaries/{id},routing_code_type_1,string,optional,formData,,,,,true
POST,/beneficiaries/{id},routing_code_value_1,string,optional,formData,,1,50,,
POST,/beneficiaries/{id},routing_code_type_2,string,optional,formData,,,,,true
POST,/beneficiaries/{id},routing_code_value_2,string,optional,formData,,1,50,,
POST,/beneficiaries/{id},payment_types[],array,optional,formData,,,,,
POST,/beneficiaries/{id},bic_swift,string,optional,formData,,,,^(\w{8}|\w{11})$,
POST,/beneficiaries/{id},iban,string,optional,formData,,1,34,"([A-Z0-9]\s*){15,34}",
POST,/beneficiaries/{id},default_beneficiary,boolean,optional,formData,,,,,
POST,/beneficiaries/{id},bank_address,string,optional,formData,,1,100,,
POST,/beneficiaries/{id},bank_name,string,optional,formData,,1,,,
POST,/beneficiaries/{id},bank_account_type,string,optional,formData,,,,,true
POST,/beneficiaries/{id},beneficiary_entity_type,string,optional,formData,,,,,true
POST,/beneficiaries/{id},beneficiary_company_name,string,optional,formData,,1,255,,
POST,/beneficiaries/{id},beneficiary_first_name,string,optional,formData,,1,255,,
POST,/beneficiaries/{id},beneficiary_last_name,string,optional,formData,,1,255,,
POST,/beneficiaries/{id},beneficiary_city,string,optional,formData,,1,255,,
POST,/beneficiaries/{id},beneficiary_postcode,string,optional,formData,,,12,,
POST,/beneficiaries/{id},beneficiary_state_or_province,string,optional,formData,date,1,255,,
POST,/beneficiaries/{id},beneficiary_date_of_birth,string,optional,formData,date,,,^\\d{4}-\\d{2}-\\d{2}$,
POST,/beneficiaries/{id},beneficiary_identification_type,string,optional,formData,,,,,true
POST,/beneficiaries/{id},beneficiary_identification_value,string,optional,formData,,1,255,,
POST,/beneficiaries/{id},on_behalf_of,string,optional,formData,uuid,36,36,^[a-fA-F0-9]{8}-[a-fA-F0-9]{4}-[a-fA-F0-9]{4}-[a-fA-F0-9]{4}-[a-fA-F0-9]{12}$,
POST,/beneficiaries/{id},beneficiary_external_reference,string,optional,formData,,1,255,,
POST,/beneficiaries/{id},business_nature,string,optional,formData,,,255,,
POST,/beneficiaries/{id},company_website,string,optional,formData,,,255,,
POST,/beneficiaries/create,X-Auth-Token,string,required,header,uuid,36,36,^[a-fA-F0-9]{8}-[a-fA-F0-9]{4}-[a-fA-F0-9]{4}-[a-fA-F0-9]{4}-[a-fA-F0-9]{12}$,
POST,/beneficiaries/create,name,string,required,formData,,1,100,\S+,
POST,/beneficiaries/create,bank_account_holder_name,string,required,formData,,1,255,,
POST,/beneficiaries/create,bank_country,string,required,formData,iso3166-1-alpha-2,2,2,^[A-Z]{2}$,
POST,/beneficiaries/create,currency,string,required,formData,iso-4217,3,3,^[A-Z]{3}$,
POST,/beneficiaries/create,email,string,optional,formData,,1,255,"^[\\w\\.\\_\\%\\-\\+]+@([\\w\\-]+\\.)+\\w{2,}$",
POST,/beneficiaries/create,beneficiary_address,string,optional,formData,,1,255,,
POST,/beneficiaries/create,beneficiary_country,string,optional,formData,iso3166-1-alpha-2,,,^[A-Z]{2}$,
POST,/beneficiaries/create,account_number,string,optional,formData,,1,50,,
POST,/beneficiaries/create,routing_code_type_1,string,optional,formData,,,,,true
POST,/beneficiaries/create,routing_code_value_1,string,optional,formData,,1,50,,
POST,/beneficiaries/create,routing_code_type_2,string,optional,formData,,,,,true
POST,/beneficiaries/create,routing_code_value_2,string,optional,formData,,1,50,,
POST,/beneficiaries/create,bic_swift,string,optional,formData,,,,^(\w{8}|\w{11})$,
POST,/beneficiaries/create,iban,string,optional,formData,,1,34,"([A-Z0-9]\s*){15,34}",
POST,/beneficiaries/create,default_beneficiary,boolean,optional,formData,,,,,
POST,/beneficiaries/create,bank_address,string,optional,formData,,1,100,,
POST,/beneficiaries/create,bank_name,string,optional,formData,,1,,,
POST,/beneficiaries/create,bank_account_type,string,optional,formData,,,,,true
POST,/beneficiaries/create,beneficiary_entity_type,string,optional,formData,,,,,true
POST,/beneficiaries/create,beneficiary_company_name,string,optional,formData,,1,255,,
POST,/beneficiaries/create,beneficiary_first_name,string,optional,formData,,1,255,,
POST,/beneficiaries/create,beneficiary_last_name,string,optional,formData,,1,255,,
POST,/beneficiaries/create,beneficiary_city,string,optional,formData,,1,255,,
POST,/beneficiaries/create,beneficiary_postcode,string,optional,formData,,,12,,
POST,/beneficiaries/create,beneficiary_state_or_province,string,optional,formData,,1,255,,
POST,/beneficiaries/create,beneficiary_date_of_birth,string,optional,formData,date,,,^\\d{4}-\\d{2}-\\d{2}$,
POST,/beneficiaries/create,beneficiary_identification_type,string,optional,formData,,,,,true
POST,/beneficiaries/create,beneficiary_identification_value,string,optional,formData,,1,255,,
POST,/beneficiaries/create,payment_types[],array,optional,formData,,,,,
POST,/beneficiaries/create,on_behalf_of,string,optional,formData,uuid,36,36,^[a-fA-F0-9]{8}-[a-fA-F0-9]{4}-[a-fA-F0-9]{4}-[a-fA-F0-9]{4}-[a-fA-F0-9]{12}$,
POST,/beneficiaries/create,beneficiary_external_reference,string,optional,formData,,1,255,,
POST,/beneficiaries/create,business_nature,string,optional,formData,,,255,,
POST,/beneficiaries/create,company_website,string,optional,formData,,,255,,
POST,/beneficiaries/{id}/delete,X-Auth-Token,string,required,header,uuid,36,36,^[a-fA-F0-9]{8}-[a-fA-F0-9]{4}-[a-fA-F0-9]{4}-[a-fA-F0-9]{4}-[a-fA-F0-9]{12}$,
POST,/beneficiaries/{id}/delete,id,string,required,path,uuid,36,36,^[a-fA-F0-9]{8}-[a-fA-F0-9]{4}-[a-fA-F0-9]{4}-[a-fA-F0-9]{4}-[a-fA-F0-9]{12}$,
POST,/beneficiaries/{id}/delete,on_behalf_of,string,optional,formData,uuid,36,36,^[a-fA-F0-9]{8}-[a-fA-F0-9]{4}-[a-fA-F0-9]{4}-[a-fA-F0-9]{4}-[a-fA-F0-9]{12}$,
POST,/beneficiaries/validate,X-Auth-Token,string,required,header,uuid,36,36,^[a-fA-F0-9]{8}-[a-fA-F0-9]{4}-[a-fA-F0-9]{4}-[a-fA-F0-9]{4}-[a-fA-F0-9]{12}$,
POST,/beneficiaries/validate,bank_country,string,required,formData,iso3166-1-alpha-2,2,2,^[A-Z]{2}$,
POST,/beneficiaries/validate,currency,string,required,formData,iso-4217,3,3,^[A-Z]{3}$,
POST,/beneficiaries/validate,beneficiary_address,string,optional,formData,,1,255,,
POST,/beneficiaries/validate,beneficiary_country,string,optional,formData,iso3166-1-alpha-2,,,^[A-Z]{2}$,
POST,/beneficiaries/validate,account_number,string,optional,formData,,1,50,,
POST,/beneficiaries/validate,routing_code_type_1,string,optional,formData,,,,,true
POST,/beneficiaries/validate,routing_code_value_1,string,optional,formData,,1,50,,
POST,/beneficiaries/validate,routing_code_type_2,string,optional,formData,,,,,true
POST,/beneficiaries/validate,routing_code_value_2,string,optional,formData,,1,50,,
POST,/beneficiaries/validate,bic_swift,string,optional,formData,,,,^(\w{8}|\w{11})$,
POST,/beneficiaries/validate,iban,string,optional,formData,,1,34,"([A-Z0-9]\s*){15,34}",
POST,/beneficiaries/validate,bank_address,string,optional,formData,,1,100,,
POST,/beneficiaries/validate,bank_name,string,optional,formData,,1,,,
POST,/beneficiaries/validate,bank_account_type,string,optional,formData,,,,,true
POST,/beneficiaries/validate,beneficiary_entity_type,string,optional,formData,,,,,true
POST,/beneficiaries/validate,beneficiary_company_name,string,optional,formData,,1,255,,
POST,/beneficiaries/validate,beneficiary_first_name,string,optional,formData,,1,255,,
POST,/beneficiaries/validate,beneficiary_last_name,string,optional,formData,,1,255,,
POST,/beneficiaries/validate,beneficiary_city,string,optional,formData,,1,255,,
POST,/beneficiaries/validate,beneficiary_postcode,string,optional,formData,,,12,,
POST,/beneficiaries/validate,beneficiary_state_or_province,string,optional,formData,,1,255,,
POST,/beneficiaries/validate,beneficiary_date_of_birth,string,optional,formData,date,,,^\\d{4}-\\d{2}-\\d{2}$,
POST,/beneficiaries/validate,beneficiary_identification_type,string,optional,formData,,,,,true
POST,/beneficiaries/validate,beneficiary_identification_value,string,optional,formData,,1,255,,
POST,/beneficiaries/validate,payment_types[],array,optional,formData,,,,,
POST,/beneficiaries/validate,on_behalf_of,string,optional,formData,uuid,36,36,^[a-fA-F0-9]{8}-[a-fA-F0-9]{4}-[a-fA-F0-9]{4}-[a-fA-F0-9]{4}-[a-fA-F0-9]{12}$,
POST,/beneficiaries/account_verification,X-Auth-Token,string,required,header,uuid,36,36,^[a-fA-F0-9]{8}-[a-fA-F0-9]{4}-[a-fA-F0-9]{4}-[a-fA-F0-9]{4}-[a-fA-F0-9]{12}$,
POST,/beneficiaries/account_verification,payment_type,string,optional,formData,,,,,true
POST,/beneficiaries/account_verification,bank_country,string,required,formData,iso3166-1-alpha-2,2,2,^[A-Z]{2}$,
POST,/beneficiaries/account_verification,currency,string,optional,formData,iso-4217,3,3,^[A-Z]{3}$,
POST,/beneficiaries/account_verification,account_number,string,required,formData,,1,50,,
POST,/beneficiaries/account_verification,beneficiary_entity_type,string,required,formData,,,,,true
POST,/beneficiaries/account_verification,beneficiary_company_name,string,optional,formData,,1,255,,
POST,/beneficiaries/account_verification,beneficiary_first_name,string,optional,formData,,1,255,,
POST,/beneficiaries/account_verification,beneficiary_last_name,string,optional,formData,,1,255,,
POST,/beneficiaries/account_verification,routing_code_type_1,string,optional,formData,,,,,
POST,/beneficiaries/account_verification,routing_code_value_1,string,required,formData,,1,50,,
POST,/beneficiaries/account_verification,routing_code_type_2,string,optional,formData,,,,,
POST,/beneficiaries/account_verification,routing_code_value_2,string,optional,formData,,1,50,,
POST,/beneficiaries/account_verification,bic_swift,string,optional,formData,,,,^(\w{8}|\w{11})$,
POST,/beneficiaries/account_verification,iban,string,optional,formData,,1,34,"([A-Z0-9]\s*){15,34}",
POST,/beneficiaries/account_verification,secondary_reference_data,string,optional,formData,,,,,
GET,/contacts/current,X-Auth-Token,string,required,header,uuid,36,36,^[a-fA-F0-9]{8}-[a-fA-F0-9]{4}-[a-fA-F0-9]{4}-[a-fA-F0-9]{4}-[a-fA-F0-9]{12}$,
POST,/contacts/find,X-Auth-Token,string,required,header,uuid,36,36,^[a-fA-F0-9]{8}-[a-fA-F0-9]{4}-[a-fA-F0-9]{4}-[a-fA-F0-9]{4}-[a-fA-F0-9]{12}$,
POST,/contacts/find,account_name,string,optional,formData,,1,150,\S+,
POST,/contacts/find,account_id,string,optional,formData,uuid,36,36,^[a-fA-F0-9]{8}-[a-fA-F0-9]{4}-[a-fA-F0-9]{4}-[a-fA-F0-9]{4}-[a-fA-F0-9]{12}$,
POST,/contacts/find,first_name,string,optional,formData,,1,100,,
POST,/contacts/find,last_name,string,optional,formData,,1,100,,
POST,/contacts/find,email_address,string,optional,formData,,1,255,"^[\\w\\.\\_\\%\\-\\+]+@([\\w\\-]+\\.)+\\w{2,}$",
POST,/contacts/find,your_reference,string,optional,formData,,1,255,,
POST,/contacts/find,phone_number,string,optional,formData,,1,100,,
POST,/contacts/find,login_id,string,optional,formData,,1,50,,
POST,/contacts/find,status,string,optional,formData,,,,,true
POST,/contacts/find,locale,string,optional,formData,,2,5,,
POST,/contacts/find,timezone,string,optional,formData,,7,35,,
POST,/contacts/find,page,string,optional,formData,,,,^\d+$,
POST,/contacts/find,per_page,string,optional,formData,,,,^\d+$,
POST,/contacts/find,order,string,optional,formData,,1,255,,
POST,/contacts/find,order_asc_desc,string,optional,formData,,,,,true
GET,/contacts/{id},X-Auth-Token,string,required,header,uuid,36,36,^[a-fA-F0-9]{8}-[a-fA-F0-9]{4}-[a-fA-F0-9]{4}-[a-fA-F0-9]{4}-[a-fA-F0-9]{12}$,
GET,/contacts/{id},id,string,required,path,uuid,36,36,^[a-fA-F0-9]{8}-[a-fA-F0-9]{4}-[a-fA-F0-9]{4}-[a-fA-F0-9]{4}-[a-fA-F0-9]{12}$,
POST,/contacts/{id},X-Auth-Token,string,required,header,uuid,36,36,^[a-fA-F0-9]{8}-[a-fA-F0-9]{4}-[a-fA-F0-9]{4}-[a-fA-F0-9]{4}-[a-fA-F0-9]{12}$,
POST,/contacts/{id},id,string,required,path,uuid,36,36,^[a-fA-F0-9]{8}-[a-fA-F0-9]{4}-[a-fA-F0-9]{4}-[a-fA-F0-9]{4}-[a-fA-F0-9]{12}$,
POST,/contacts/{id},first_name,string,optional,query,,1,100,,
POST,/contacts/{id},last_name,string,optional,query,,1,100,,
POST,/contacts/{id},email_address,string,optional,query,,1,255,"^[\\w\\.\\_\\%\\-\\+]+@([\\w\\-]+\\.)+\\w{2,}$",
POST,/contacts/{id},your_reference,string,optional,query,,1,255,,
POST,/contacts/{id},phone_number,string,optional,query,,1,100,,
POST,/contacts/{id},mobile_phone_number,string,optional,query,,1,100,,
POST,/contacts/{id},login_id,string,optional,query,,1,50,,
POST,/contacts/{id},status,string,optional,query,,,,,true
POST,/contacts/{id},locale,string,optional,query,,2,5,,
POST,/contacts/{id},timezone,string,optional,query,,7,35,,
POST,/contacts/{id},date_of_birth,string,optional,query,date,,,,
POST,/contacts/create,X-Auth-Token,string,required,header,uuid,36,36,,
POST,/contacts/create,account_id,string,required,formData,uuid,36,36,^[a-fA-F0-9]{8}-[a-fA-F0-9]{4}-[a-fA-F0-9]{4}-[a-fA-F0-9]{4}-[a-fA-F0-9]{12}$,
POST,/contacts/create,first_name,string,required,formData,,1,100,,
POST,/contacts/create,last_name,string,required,formData,,1,100,,
POST,/contacts/create,email_address,string,required,formData,,1,255,"^[\\w\\.\\_\\%\\-\\+]+@([\\w\\-]+\\.)+\\w{2,}$",
POST,/contacts/create,phone_number,string,required,formData,,1,100,,
POST,/contacts/create,your_reference,string,optional,formData,,1,255,,
POST,/contacts/create,mobile_phone_number,string,optional,formData,,1,100,,
POST,/contacts/create,login_id,string,optional,formData,,1,50,,
POST,/contacts/create,status,string,optional,formData,,,,,true
POST,/contacts/create,locale,string,optional,formData,,2,5,,
POST,/contacts/create,timezone,string,optional,formData,,7,35,,
POST,/contacts/create,date_of_birth,string,optional,formData,date,,,^\\d{4}-\\d{2}-\\d{2}$,
POST,/contacts/generate_hmac_key,X-Auth-Token,string,required,header,uuid,36,36,,
POST,/conversions/create,X-Auth-Token,string,required,header,uuid,36,36,,
POST,/conversions/create,buy_currency,string,required,formData,iso-4217,3,3,^[A-Z]{3}$,
POST,/conversions/create,sell_currency,string,required,formData,iso-4217,3,3,^[A-Z]{3}$,
POST,/conversions/create,fixed_side,string,required,formData,,,,,true
POST,/conversions/create,amount,string,required,formData,,,,"^\d+(\.\d{1,3})?$",
POST,/conversions/create,term_agreement,boolean,required,formData,,,,,true
POST,/conversions/create,conversion_date,string,optional,formData,date,,,,
POST,/conversions/create,client_buy_amount,string,optional,formData,,,,"^\d+(\.\d{1,2})?$",
POST,/conversions/create,client_sell_amount,string,optional,formData,,,,"^\d+(\.\d{1,2})?$",
POST,/conversions/create,reason,string,optional,formData,,1,255,,
POST,/conversions/create,unique_request_id,string,optional,formData,uuid,36,36,^[a-fA-F0-9]{8}-[a-fA-F0-9]{4}-[a-fA-F0-9]{4}-[a-fA-F0-9]{4}-[a-fA-F0-9]{12}$,
POST,/conversions/create,on_behalf_of,string,optional,formData,uuid,36,36,,
POST,/conversions/create,conversion_date_preference,string,optional,formData,,,,,true
GET,/conversions/{id},X-Auth-Token,string,required,header,uuid,36,36,,
GET,/conversions/{id},id,string,required,path,uuid,36,36,^[a-fA-F0-9]{8}-[a-fA-F0-9]{4}-[a-fA-F0-9]{4}-[a-fA-F0-9]{4}-[a-fA-F0-9]{12}$,
GET,/conversions/{id},on_behalf_of,string,optional,query,uuid,36,36,,
GET,/conversions/find,X-Auth-Token,string,required,header,uuid,36,36,,
GET,/conversions/find,on_behalf_of,string,optional,query,uuid,36,36,,
GET,/conversions/find,short_reference,string,optional,query,,1,25,,
GET,/conversions/find,status,string,optional,query,,,,,true
GET,/conversions/find,buy_currency,string,optional,query,iso-4217,3,3,^[A-Z]{3}$,
GET,/conversions/find,sell_currency,string,optional,query,iso-4217,3,3,^[A-Z]{3}$,
GET,/conversions/find,conversion_ids[],array,optional,query,uuid,36,36,^[a-fA-F0-9]{8}-[a-fA-F0-9]{4}-[a-fA-F0-9]{4}-[a-fA-F0-9]{4}-[a-fA-F0-9]{12}$,
GET,/conversions/find,created_at_from,string,optional,query,date,,,^\\d{4}-\\d{2}-\\d{2}$,
GET,/conversions/find,created_at_to,string,optional,query,date,,,^\\d{4}-\\d{2}-\\d{2}$,
GET,/conversions/find,updated_at_from,string,optional,query,date,,,^\\d{4}-\\d{2}-\\d{2}$,
GET,/conversions/find,updated_at_to,string,optional,query,date,,,^\\d{4}-\\d{2}-\\d{2}$,
GET,/conversions/find,conversion_date_from,string,optional,query,date,,,^\\d{4}-\\d{2}-\\d{2}$,
GET,/conversions/find,conversion_date_to,string,optional,query,date,,,^\\d{4}-\\d{2}-\\d{2}$,
GET,/conversions/find,currency_pair,string,optional,query,,6,6,^[A-Z]{6}$,
GET,/conversions/find,partner_buy_amount_from,string,optional,query,,,,"^\d+(\.\d{1,3})?$",
GET,/conversions/find,partner_buy_amount_to,string,optional,query,,,,"^\d+(\.\d{1,3})?$",
GET,/conversions/find,partner_sell_amount_from,string,optional,query,,,,"^\d+(\.\d{1,3})?$",
GET,/conversions/find,partner_sell_amount_to,string,optional,query,,,,"^\d+(\.\d{1,3})?$",
GET,/conversions/find,buy_amount_from,string,optional,query,,,,"^\d+(\.\d{1,3})?$",
GET,/conversions/find,buy_amount_to,string,optional,query,,,,"^\d+(\.\d{1,3})?$",
GET,/conversions/find,sell_amount_from,string,optional,query,,,,"^\d+(\.\d{1,3})?$",
GET,/conversions/find,sell_amount_to,string,optional,query,,,,"^\d+(\.\d{1,3})?$",
GET,/conversions/find,scope,string,optional,query,,,,,true
GET,/conversions/find,settlement_date_from,string,optional,query,date,,,^\\d{4}-\\d{2}-\\d{2}$,
GET,/conversions/find,settlement_date_to,string,optional,query,date,,,^\\d{4}-\\d{2}-\\d{2}$,
GET,/conversions/find,unique_request_id,string,optional,query,uuid,36,36,^[a-fA-F0-9]{8}-[a-fA-F0-9]{4}-[a-fA-F0-9]{4}-[a-fA-F0-9]{4}-[a-fA-F0-9]{12}$,
GET,/conversions/find,page,integer,optional,query,,,,^\d+$,
GET,/conversions/find,per_page,integer,optional,query,,,,^\d+$,
GET,/conversions/find,order,string,optional,query,,1,255,,
GET,/conversions/find,order_asc_desc,string,optional,query,,,,,true
GET,/conversions/{id}/cancellation_quote,X-Auth-Token,string,required,header,uuid,36,36,^[a-fA-F0-9]{8}-[a-fA-F0-9]{4}-[a-fA-F0-9]{4}-[a-fA-F0-9]{4}-[a-fA-F0-9]{12}$,
GET,/conversions/{id}/cancellation_quote,id,string,required,path,uuid,36,36,^[a-fA-F0-9]{8}-[a-fA-F0-9]{4}-[a-fA-F0-9]{4}-[a-fA-F0-9]{4}-[a-fA-F0-9]{12}$,
POST,/conversions/{id}/cancel,X-Auth-Token,string,required,header,uuid,36,36,^[a-fA-F0-9]{8}-[a-fA-F0-9]{4}-[a-fA-F0-9]{4}-[a-fA-F0-9]{4}-[a-fA-F0-9]{12}$,
POST,/conversions/{id}/cancel,id,string,required,path,uuid,36,36,^[a-fA-F0-9]{8}-[a-fA-F0-9]{4}-[a-fA-F0-9]{4}-[a-fA-F0-9]{4}-[a-fA-F0-9]{12}$,
POST,/conversions/{id}/cancel,notes,string,optional,formData,,1,255,,
GET,/conversions/{id}/date_change_quote,X-Auth-Token,string,required,header,uuid,36,36,^[a-fA-F0-9]{8}-[a-fA-F0-9]{4}-[a-fA-F0-9]{4}-[a-fA-F0-9]{4}-[a-fA-F0-9]{12}$,
GET,/conversions/{id}/date_change_quote,id,string,required,path,uuid,36,36,^[a-fA-F0-9]{8}-[a-fA-F0-9]{4}-[a-fA-F0-9]{4}-[a-fA-F0-9]{4}-[a-fA-F0-9]{12}$,
GET,/conversions/{id}/date_change_quote,new_settlement_date,string,required,query,date,,,^\\d{4}-\\d{2}-\\d{2}$,
POST,/conversions/{id}/date_change,X-Auth-Token,string,required,header,uuid,36,36,^[a-fA-F0-9]{8}-[a-fA-F0-9]{4}-[a-fA-F0-9]{4}-[a-fA-F0-9]{4}-[a-fA-F0-9]{12}$,
POST,/conversions/{id}/date_change,id,string,required,path,uuid,36,36,^[a-fA-F0-9]{8}-[a-fA-F0-9]{4}-[a-fA-F0-9]{4}-[a-fA-F0-9]{4}-[a-fA-F0-9]{12}$,
POST,/conversions/{id}/date_change,new_settlement_date,string,required,formData,date,,,^\\d{4}-\\d{2}-\\d{2}$,
GET,/conversions/profit_and_loss,X-Auth-Token,string,required,header,uuid,36,36,^[a-fA-F0-9]{8}-[a-fA-F0-9]{4}-[a-fA-F0-9]{4}-[a-fA-F0-9]{4}-[a-fA-F0-9]{12}$,
GET,/conversions/profit_and_loss,account_id,string,optional,query,uuid,36,36,^[a-fA-F0-9]{8}-[a-fA-F0-9]{4}-[a-fA-F0-9]{4}-[a-fA-F0-9]{4}-[a-fA-F0-9]{12}$,
GET,/conversions/profit_and_loss,contact_id,string,optional,query,uuid,36,36,^[a-fA-F0-9]{8}-[a-fA-F0-9]{4}-[a-fA-F0-9]{4}-[a-fA-F0-9]{4}-[a-fA-F0-9]{12}$,
GET,/conversions/profit_and_loss,conversion_id,string,optional,query,uuid,36,36,^[a-fA-F0-9]{8}-[a-fA-F0-9]{4}-[a-fA-F0-9]{4}-[a-fA-F0-9]{4}-[a-fA-F0-9]{12}$,
GET,/conversions/profit_and_loss,event_type,string,optional,query,,,,,
GET,/conversions/profit_and_loss,event_date_time_from,string,optional,query,date-time,,,^\\d{4}-\\d{2}-\\d{2}T\\d{2}:\\d{2}:\\d{2}Z$,
GET,/conversions/profit_and_loss,event_date_time_to,string,optional,query,date-time,,,^\\d{4}-\\d{2}-\\d{2}T\\d{2}:\\d{2}:\\d{2}Z$,
GET,/conversions/profit_and_loss,amount_from,string,optional,query,,,,"^\d+(\.\d{1,3})?$",
GET,/conversions/profit_and_loss,amount_to,string,optional,query,,,,"^\d+(\.\d{1,3})?$",
GET,/conversions/profit_and_loss,currency,string,optional,query,iso-4217,3,3,^[A-Z]{3}$,
GET,/conversions/profit_and_loss,scope,string,optional,query,,,,,true
GET,/conversions/profit_and_loss,page,string,optional,query,,,,^\d+$,
GET,/conversions/profit_and_loss,per_page,string,optional,query,,,,^\d+$,
GET,/conversions/profit_and_loss,order,string,optional,query,,1,255,,
GET,/conversions/profit_and_loss,order_asc_desc,string,optional,query,,,,,true
GET,/conversions/{id}/split_preview,X-Auth-Token,string,required,header,uuid,36,36,^[a-fA-F0-9]{8}-[a-fA-F0-9]{4}-[a-fA-F0-9]{4}-[a-fA-F0-9]{4}-[a-fA-F0-9]{12}$,
GET,/conversions/{id}/split_preview,id,string,required,path,uuid,36,36,^[a-fA-F0-9]{8}-[a-fA-F0-9]{4}-[a-fA-F0-9]{4}-[a-fA-F0-9]{4}-[a-fA-F0-9]{12}$,
GET,/conversions/{id}/split_preview,amount,string,required,formData,,,,"^\d+(\.\d{1,3})?$",
POST,/conversions/{id}/split,X-Auth-Token,string,required,header,uuid,36,36,^[a-fA-F0-9]{8}-[a-fA-F0-9]{4}-[a-fA-F0-9]{4}-[a-fA-F0-9]{4}-[a-fA-F0-9]{12}$,
POST,/conversions/{id}/split,id,string,required,path,uuid,36,36,^[a-fA-F0-9]{8}-[a-fA-F0-9]{4}-[a-fA-F0-9]{4}-[a-fA-F0-9]{4}-[a-fA-F0-9]{12}$,
POST,/conversions/{id}/split,amount,string,required,formData,,,,"^\d+(\.\d{1,3})?$",
GET,/conversions/{id}/split_history,X-Auth-Token,string,required,header,uuid,36,36,^[a-fA-F0-9]{8}-[a-fA-F0-9]{4}-[a-fA-F0-9]{4}-[a-fA-F0-9]{4}-[a-fA-F0-9]{12}$,
GET,/conversions/{id}/split_history,id,string,required,path,uuid,36,36,^[a-fA-F0-9]{8}-[a-fA-F0-9]{4}-[a-fA-F0-9]{4}-[a-fA-F0-9]{4}-[a-fA-F0-9]{12}$,
GET,/funding_accounts/find,X-Auth-Token,string,required,header,uuid,36,36,^[a-fA-F0-9]{8}-[a-fA-F0-9]{4}-[a-fA-F0-9]{4}-[a-fA-F0-9]{4}-[a-fA-F0-9]{12}$,
GET,/funding_accounts/find,payment_type,string,optional,query,,,,,true
GET,/funding_accounts/find,currency,string,required,query,iso-4217,3,3,^[A-Z]{3}$,
GET,/funding_accounts/find,account_id,string,optional,query,uuid,36,36,^[a-fA-F0-9]{8}-[a-fA-F0-9]{4}-[a-fA-F0-9]{4}-[a-fA-F0-9]{4}-[a-fA-F0-9]{12}$,
GET,/funding_accounts/find,on_behalf_of,string,optional,query,uuid,36,36,^[a-fA-F0-9]{8}-[a-fA-F0-9]{4}-[a-fA-F0-9]{4}-[a-fA-F0-9]{4}-[a-fA-F0-9]{12}$,
GET,/funding_accounts/find,page,integer,optional,query,,,,^\d+$,
GET,/funding_accounts/find,per_page,integer,optional,query,,,,^\d+$,
GET,/funding_accounts/find,order,string,optional,query,,1,255,,
GET,/funding_accounts/find,order_asc_desc,string,optional,query,,,,,true
GET,/funding_transactions/{id},X-Auth-Token,string,required,header,uuid,36,36,^[a-fA-F0-9]{8}-[a-fA-F0-9]{4}-[a-fA-F0-9]{4}-[a-fA-F0-9]{4}-[a-fA-F0-9]{12}$,
GET,/funding_transactions/{id},id,string,required,path,uuid,36,36,^[a-fA-F0-9]{8}-[a-fA-F0-9]{4}-[a-fA-F0-9]{4}-[a-fA-F0-9]{4}-[a-fA-F0-9]{12}$,
GET,/funding_transactions/{id},on_behalf_of,string,optional,query,uuid,36,36,^[a-fA-F0-9]{8}-[a-fA-F0-9]{4}-[a-fA-F0-9]{4}-[a-fA-F0-9]{4}-[a-fA-F0-9]{12}$,
POST,/payments/create,X-Auth-Token,string,required,header,uuid,36,36,^[a-fA-F0-9]{8}-[a-fA-F0-9]{4}-[a-fA-F0-9]{4}-[a-fA-F0-9]{4}-[a-fA-F0-9]{12}$,
POST,/payments/create,x-sca-id,string,optional,header,uuid,36,36,^[a-fA-F0-9]{8}-[a-fA-F0-9]{4}-[a-fA-F0-9]{4}-[a-fA-F0-9]{4}-[a-fA-F0-9]{12}$,
POST,/payments/create,x-sca-token,string,optional,header,,6,6,^\d{6}$,
POST,/payments/create,currency,string,required,formData,iso-4217,3,3,^[A-Z]{3}$,
POST,/payments/create,beneficiary_id,string,required,formData,uuid,36,36,^[a-fA-F0-9]{8}-[a-fA-F0-9]{4}-[a-fA-F0-9]{4}-[a-fA-F0-9]{4}-[a-fA-F0-9]{12}$,
POST,/payments/create,amount,string,required,formData,,,,"^\d+(\.\d{1,3})?$",
POST,/payments/create,reason,string,required,formData,,1,255,,
POST,/payments/create,reference,string,required,formData,,1,255,,
POST,/payments/create,unique_request_id,string,required,formData,uuid,36,36,^[a-fA-F0-9]{8}-[a-fA-F0-9]{4}-[a-fA-F0-9]{4}-[a-fA-F0-9]{4}-[a-fA-F0-9]{12}$,
POST,/payments/create,payment_date,string,optional,formData,date,,,^\\d{4}-\\d{2}-\\d{2}$,
POST,/payments/create,payment_type,string,optional,formData,,,,,true
POST,/payments/create,conversion_id,string,optional,formData,uuid,36,36,^[a-fA-F0-9]{8}-[a-fA-F0-9]{4}-[a-fA-F0-9]{4}-[a-fA-F0-9]{4}-[a-fA-F0-9]{12}$,
POST,/payments/create,payer_entity_type,string,optional,formData,,,,,true
POST,/payments/create,payer_company_name,string,optional,formData,,1,255,,
POST,/payments/create,payer_first_name,string,optional,formData,,1,255,,
POST,/payments/create,payer_last_name,string,optional,formData,,1,255,,
POST,/payments/create,payer_city,string,optional,formData,,1,255,,
POST,/payments/create,payer_address,string,optional,formData,,1,255,,
POST,/payments/create,payer_postcode,string,optional,formData,,1,255,,
POST,/payments/create,payer_state_or_province,string,optional,formData,,1,255,,
POST,/payments/create,payer_country,string,optional,formData,iso3166-1-alpha-2,,,^[A-Z]{2}$,
POST,/payments/create,payer_date_of_birth,string,optional,formData,date,,,^\\d{4}-\\d{2}-\\d{2}$,
POST,/payments/create,payer_identification_type,string,optional,formData,,,,,true
POST,/payments/create,payer_identification_value,string,optional,formData,,1,255,,
POST,/payments/create,ultimate_beneficiary_name,string,optional,formData,,1,255,,
POST,/payments/create,purpose_code,string,optional,formData,,1,255,,
POST,/payments/create,on_behalf_of,string,optional,formData,uuid,36,36,^[a-fA-F0-9]{8}-[a-fA-F0-9]{4}-[a-fA-F0-9]{4}-[a-fA-F0-9]{4}-[a-fA-F0-9]{12}$,
POST,/payments/create,charge_type,string,optional,formData,,,,,true
POST,/payments/create,fee_amount,string,optional,formData,,,,"^\d+(\.\d{1,3})?$",
POST,/payments/create,fee_currency,string,optional,formData,iso-4217,3,3,^[A-Z]{3}$,
POST,/payments/create,invoice_number,string,optional,formData,,1,30,"^[a-zA-Z0-9]{1,30}$",
POST,/payments/create,invoice_date,string,optional,formData,date,,,^\\d{4}-\\d{2}-\\d{2}$,
GET,/payments/find,X-Auth-Token,string,required,header,uuid,36,36,^[a-fA-F0-9]{8}-[a-fA-F0-9]{4}-[a-fA-F0-9]{4}-[a-fA-F0-9]{4}-[a-fA-F0-9]{12}$,
GET,/payments/find,on_behalf_of,string,optional,query,uuid,36,36,^[a-fA-F0-9]{8}-[a-fA-F0-9]{4}-[a-fA-F0-9]{4}-[a-fA-F0-9]{4}-[a-fA-F0-9]{12}$,
GET,/payments/find,short_reference,string,optional,query,,1,25,,
GET,/payments/find,currency,string,optional,query,iso-4217,3,3,^[A-Z]{3}$,
GET,/payments/find,amount,string,optional,query,,,,"^\d+(\.\d{1,3})?$",
GET,/payments/find,amount_from,string,optional,query,,,,"^\d+(\.\d{1,3})?$",
GET,/payments/find,amount_to,string,optional,query,,,,"^\d+(\.\d{1,3})?$",
GET,/payments/find,status,string,optional,query,,,,,true
GET,/payments/find,reason,string,optional,query,,1,255,,
GET,/payments/find,payment_date_from,string,optional,query,date,,,,
GET,/payments/find,payment_date_to,string,optional,query,date,,,,
GET,/payments/find,transferred_at_from,string,optional,query,date-time,,,,
GET,/payments/find,transferred_at_to,string,optional,query,date-time,,,,
GET,/payments/find,created_at_from,string,optional,query,date-time,,,^\\d{4}-\\d{2}-\\d{2}$,
GET,/payments/find,created_at_to,string,optional,query,date-time,,,^\\d{4}-\\d{2}-\\d{2}$,
GET,/payments/find,updated_at_from,string,optional,query,date-time,,,^\\d{4}-\\d{2}-\\d{2}$,
GET,/payments/find,updated_at_to,string,optional,query,date-time,,,^\\d{4}-\\d{2}-\\d{2}$,
GET,/payments/find,beneficiary_id,string,optional,query,uuid,36,36,^[a-fA-F0-9]{8}-[a-fA-F0-9]{4}-[a-fA-F0-9]{4}-[a-fA-F0-9]{4}-[a-fA-F0-9]{12}$,
GET,/payments/find,conversion_id,string,optional,query,uuid,36,36,^[a-fA-F0-9]{8}-[a-fA-F0-9]{4}-[a-fA-F0-9]{4}-[a-fA-F0-9]{4}-[a-fA-F0-9]{12}$,
GET,/payments/find,with_deleted,boolean,optional,query,,,,,
GET,/payments/find,payment_group_id,string,optional,query,,1,255,,
GET,/payments/find,unique_request_id,string,optional,query,uuid,36,36,^[a-fA-F0-9]{8}-[a-fA-F0-9]{4}-[a-fA-F0-9]{4}-[a-fA-F0-9]{4}-[a-fA-F0-9]{12}$,
GET,/payments/find,scope,string,optional,query,,,,,true
GET,/payments/find,bulk_upload_id,string,optional,query,,1,255,,
GET,/payments/find,page,integer,optional,query,,,,^\d+$,
GET,/payments/find,per_page,integer,optional,query,,,,^\d+$,
GET,/payments/find,order,string,optional,query,,1,255,,
GET,/payments/find,order_asc_desc,string,optional,query,,,,,true
GET,/payments/find,charge_type,string,optional,query,,,,,true
GET,/payments/find,review_status,string,optional,query,,,,,true
GET,/payments/{id},X-Auth-Token,string,required,header,uuid,36,36,^[a-fA-F0-9]{8}-[a-fA-F0-9]{4}-[a-fA-F0-9]{4}-[a-fA-F0-9]{4}-[a-fA-F0-9]{12}$,
GET,/payments/{id},id,string,required,path,uuid,36,36,^[a-fA-F0-9]{8}-[a-fA-F0-9]{4}-[a-fA-F0-9]{4}-[a-fA-F0-9]{4}-[a-fA-F0-9]{12}$,
GET,/payments/{id},with_deleted,boolean,optional,query,,,,,
GET,/payments/{id},on_behalf_of,string,optional,query,uuid,36,36,^[a-fA-F0-9]{8}-[a-fA-F0-9]{4}-[a-fA-F0-9]{4}-[a-fA-F0-9]{4}-[a-fA-F0-9]{12}$,
GET,/payments/{id},review_status,string,optional,query,,,,,true
POST,/payments/{id},X-Auth-Token,string,required,header,uuid,36,36,^[a-fA-F0-9]{8}-[a-fA-F0-9]{4}-[a-fA-F0-9]{4}-[a-fA-F0-9]{4}-[a-fA-F0-9]{12}$,
POST,/payments/{id},id,string,required,path,uuid,36,36,^[a-fA-F0-9]{8}-[a-fA-F0-9]{4}-[a-fA-F0-9]{4}-[a-fA-F0-9]{4}-[a-fA-F0-9]{12}$,
POST,/payments/{id},currency,string,optional,formData,iso-4217,3,3,^[A-Z]{3}$,
POST,/payments/{id},beneficiary_id,string,optional,formData,uuid,36,36,^[a-fA-F0-9]{8}-[a-fA-F0-9]{4}-[a-fA-F0-9]{4}-[a-fA-F0-9]{4}-[a-fA-F0-9]{12}$,
POST,/payments/{id},amount,string,optional,formData,,,,"^\d+(\.\d{1,3})?$",
POST,/payments/{id},payment_date,string,optional,formData,date,,,^\\d{4}-\\d{2}-\\d{2}$,
POST,/payments/{id},reason,string,optional,formData,,1,255,,
POST,/payments/{id},payment_type,string,optional,formData,,,,,true
POST,/payments/{id},reference,string,optional,formData,,1,255,,
POST,/payments/{id},conversion_id,string,optional,formData,uuid,36,36,^[a-fA-F0-9]{8}-[a-fA-F0-9]{4}-[a-fA-F0-9]{4}-[a-fA-F0-9]{4}-[a-fA-F0-9]{12}$,
POST,/payments/{id},payer_entity_type,string,optional,formData,,,,,true
POST,/payments/{id},payer_company_name,string,optional,formData,,1,255,,
POST,/payments/{id},payer_first_name,string,optional,formData,,1,255,,
POST,/payments/{id},payer_last_name,string,optional,formData,,1,255,,
POST,/payments/{id},payer_city,string,optional,formData,,1,255,,
POST,/payments/{id},payer_address,string,optional,formData,,1,255,,
POST,/payments/{id},payer_postcode,string,optional,formData,,1,255,,
POST,/payments/{id},payer_state_or_province,string,optional,formData,,1,255,,
POST,/payments/{id},payer_country,string,optional,formData,iso3166-1-alpha-2,,,^[A-Z]{2}$,
POST,/payments/{id},payer_date_of_birth,string,optional,formData,date,,,^\\d{4}-\\d{2}-\\d{2}$,
POST,/payments/{id},payer_identification_type,string,optional,formData,,,,,true
POST,/payments/{id},payer_identification_value,string,optional,formData,,1,255,,
POST,/payments/{id},ultimate_beneficiary_name,string,optional,formData,,1,255,,
POST,/payments/{id},purpose_code,string,optional,formData,,1,255,,
POST,/payments/{id},on_behalf_of,string,optional,formData,uuid,36,36,^[a-fA-F0-9]{8}-[a-fA-F0-9]{4}-[a-fA-F0-9]{4}-[a-fA-F0-9]{4}-[a-fA-F0-9]{12}$,
POST,/payments/{id},charge_type,string,optional,formData,,,,,true
POST,/payments/{id},fee_amount,string,optional,formData,,,,"^\d+(\.\d{1,3})?$",
POST,/payments/{id},fee_currency,string,optional,formData,iso-4217,3,3,^[A-Z]{3}$,
POST,/payments/{id},invoice_number,string,optional,formData,,1,30,"^[a-zA-Z0-9]{1,30}$",
POST,/payments/{id},invoice_date,string,optional,formData,date,,,^\\d{4}-\\d{2}-\\d{2}$,
GET,/payments/{id}/confirmation,X-Auth-Token,string,required,header,uuid,36,36,^[a-fA-F0-9]{8}-[a-fA-F0-9]{4}-[a-fA-F0-9]{4}-[a-fA-F0-9]{4}-[a-fA-F0-9]{12}$,
GET,/payments/{id}/confirmation,id,string,required,path,uuid,36,36,^[a-fA-F0-9]{8}-[a-fA-F0-9]{4}-[a-fA-F0-9]{4}-[a-fA-F0-9]{4}-[a-fA-F0-9]{12}$,
GET,/payments/{id}/submission_info,X-Auth-Token,string,required,header,uuid,36,36,^[a-fA-F0-9]{8}-[a-fA-F0-9]{4}-[a-fA-F0-9]{4}-[a-fA-F0-9]{4}-[a-fA-F0-9]{12}$,
GET,/payments/{id}/submission_info,id,string,required,path,uuid,36,36,^[a-fA-F0-9]{8}-[a-fA-F0-9]{4}-[a-fA-F0-9]{4}-[a-fA-F0-9]{4}-[a-fA-F0-9]{12}$,
GET,/payments/{id}/submission_info,on_behalf_of,string,optional,query,uuid,36,36,^[a-fA-F0-9]{8}-[a-fA-F0-9]{4}-[a-fA-F0-9]{4}-[a-fA-F0-9]{4}-[a-fA-F0-9]{12}$,
POST,/payments/authorise,X-Auth-Token,string,required,header,uuid,36,36,^[a-fA-F0-9]{8}-[a-fA-F0-9]{4}-[a-fA-F0-9]{4}-[a-fA-F0-9]{4}-[a-fA-F0-9]{12}$,
POST,/payments/authorise,payment_ids[],array,required,query,uuid,36,36,^[a-fA-F0-9]{8}-[a-fA-F0-9]{4}-[a-fA-F0-9]{4}-[a-fA-F0-9]{4}-[a-fA-F0-9]{12}$,
POST,/payments/{id}/delete,X-Auth-Token,string,required,header,uuid,36,36,^[a-fA-F0-9]{8}-[a-fA-F0-9]{4}-[a-fA-F0-9]{4}-[a-fA-F0-9]{4}-[a-fA-F0-9]{12}$,
POST,/payments/{id}/delete,id,string,required,path,uuid,36,36,^[a-fA-F0-9]{8}-[a-fA-F0-9]{4}-[a-fA-F0-9]{4}-[a-fA-F0-9]{4}-[a-fA-F0-9]{12}$,
POST,/payments/{id}/delete,on_behalf_of,string,optional,formData,uuid,36,36,^[a-fA-F0-9]{8}-[a-fA-F0-9]{4}-[a-fA-F0-9]{4}-[a-fA-F0-9]{4}-[a-fA-F0-9]{12}$,
GET,/payments/{id}/tracking_info,X-Auth-Token,string,required,header,uuid,36,36,^[a-fA-F0-9]{8}-[a-fA-F0-9]{4}-[a-fA-F0-9]{4}-[a-fA-F0-9]{4}-[a-fA-F0-9]{12}$,
GET,/payments/{id}/tracking_info,id,string,required,path,uuid,36,36,^[a-fA-F0-9]{8}-[a-fA-F0-9]{4}-[a-fA-F0-9]{4}-[a-fA-F0-9]{4}-[a-fA-F0-9]{12}$,
POST,/payments/assign_payment_fee,X-Auth-Token,string,required,header,uuid,36,36,^[a-fA-F0-9]{8}-[a-fA-F0-9]{4}-[a-fA-F0-9]{4}-[a-fA-F0-9]{4}-[a-fA-F0-9]{12}$,
POST,/payments/assign_payment_fee,payment_fee_id,string,required,formData,uuid,36,36,^[a-fA-F0-9]{8}-[a-fA-F0-9]{4}-[a-fA-F0-9]{4}-[a-fA-F0-9]{4}-[a-fA-F0-9]{12}$,
POST,/payments/assign_payment_fee,account_id,string,required,formData,uuid,36,36,^[a-fA-F0-9]{8}-[a-fA-F0-9]{4}-[a-fA-F0-9]{4}-[a-fA-F0-9]{4}-[a-fA-F0-9]{12}$,
GET,/payments/payment_delivery_date,X-Auth-Token,string,required,header,uuid,36,36,^[a-fA-F0-9]{8}-[a-fA-F0-9]{4}-[a-fA-F0-9]{4}-[a-fA-F0-9]{4}-[a-fA-F0-9]{12}$,
GET,/payments/payment_delivery_date,payment_date,string,required,query,date,,,^\\d{4}-\\d{2}-\\d{2}$,
GET,/payments/payment_delivery_date,payment_type,string,required,query,,,,,true
GET,/payments/payment_delivery_date,currency,string,required,query,iso-4217,3,3,^[A-Z]{3}$,
GET,/payments/payment_delivery_date,bank_country,string,required,query,iso3166-1-alpha-2,2,2,^[A-Z]{2}$,
GET,/payments/payment_fees,X-Auth-Token,string,required,header,uuid,36,36,^[a-fA-F0-9]{8}-[a-fA-F0-9]{4}-[a-fA-F0-9]{4}-[a-fA-F0-9]{4}-[a-fA-F0-9]{12}$,
GET,/payments/payment_fees,page,integer,optional,query,,,,^\d+$,
GET,/payments/payment_fees,per_page,integer,optional,query,,,,^\d+$,
GET,/payments/payment_fees,order,string,optional,query,,1,255,,
GET,/payments/payment_fees,order_asc_desc,string,optional,query,,,,,true
GET,/payments/quote_payment_fee,X-Auth-Token,string,required,header,uuid,36,36,^[a-fA-F0-9]{8}-[a-fA-F0-9]{4}-[a-fA-F0-9]{4}-[a-fA-F0-9]{4}-[a-fA-F0-9]{12}$,
GET,/payments/quote_payment_fee,account_id,string,optional,query,uuid,36,36,^[a-fA-F0-9]{8}-[a-fA-F0-9]{4}-[a-fA-F0-9]{4}-[a-fA-F0-9]{4}-[a-fA-F0-9]{12}$,
GET,/payments/quote_payment_fee,payment_currency,string,required,query,iso-4217,,,^[A-Z]{3}$,
GET,/payments/quote_payment_fee,payment_destination_country,string,required,query,iso3166-1-alpha-2,,,^[A-Z]{2}$,
GET,/payments/quote_payment_fee,payment_type,string,required,query,,,,,true
GET,/payments/quote_payment_fee,charge_type,string,optional,query,,,,,true
POST,/payments/unassign_payment_fee,X-Auth-Token,string,required,header,uuid,36,36,^[a-fA-F0-9]{8}-[a-fA-F0-9]{4}-[a-fA-F0-9]{4}-[a-fA-F0-9]{4}-[a-fA-F0-9]{12}$,
POST,/payments/unassign_payment_fee,account_id,string,required,formData,uuid,36,36,^[a-fA-F0-9]{8}-[a-fA-F0-9]{4}-[a-fA-F0-9]{4}-[a-fA-F0-9]{4}-[a-fA-F0-9]{12}$,
POST,/payments/validate,X-Auth-Token,string,required,header,uuid,36,36,^[a-fA-F0-9]{8}-[a-fA-F0-9]{4}-[a-fA-F0-9]{4}-[a-fA-F0-9]{4}-[a-fA-F0-9]{12}$,
POST,/payments/validate,x-sca-to-authenticated-user,boolean,optional,header,,,,,
POST,/payments/validate,id,string,optional,formData,uuid,36,36,^[a-fA-F0-9]{8}-[a-fA-F0-9]{4}-[a-fA-F0-9]{4}-[a-fA-F0-9]{4}-[a-fA-F0-9]{12}$,
POST,/payments/validate,currency,string,required,formData,iso-4217,3,3,^[A-Z]{3}$,
POST,/payments/validate,beneficiary_id,string,required,formData,uuid,36,36,^[a-fA-F0-9]{8}-[a-fA-F0-9]{4}-[a-fA-F0-9]{4}-[a-fA-F0-9]{4}-[a-fA-F0-9]{12}$,
POST,/payments/validate,amount,string,required,formData,,,,"^\d+(\.\d{1,3})?$",
POST,/payments/validate,reason,string,required,formData,,1,255,,
POST,/payments/validate,reference,string,required,formData,,1,255,,
POST,/payments/validate,payment_date,string,optional,formData,date,,,^\\d{4}-\\d{2}-\\d{2}$,
POST,/payments/validate,payment_type,string,optional,formData,,,,,true
POST,/payments/validate,conversion_id,string,optional,formData,uuid,36,36,^[a-fA-F0-9]{8}-[a-fA-F0-9]{4}-[a-fA-F0-9]{4}-[a-fA-F0-9]{4}-[a-fA-F0-9]{12}$,
POST,/payments/validate,payer_entity_type,string,optional,formData,,,,,true
POST,/payments/validate,payer_company_name,string,optional,formData,,1,255,,
POST,/payments/validate,payer_first_name,string,optional,formData,,1,255,,
POST,/payments/validate,payer_last_name,string,optional,formData,,1,255,,
POST,/payments/validate,payer_city,string,optional,formData,,1,255,,
POST,/payments/validate,payer_address,string,optional,formData,,1,255,,
POST,/payments/validate,payer_postcode,string,optional,formData,,1,255,,
POST,/payments/validate,payer_state_or_province,string,optional,formData,,1,255,,
POST,/payments/validate,payer_country,string,optional,formData,iso3166-1-alpha-2,,,^[A-Z]{2}$,
POST,/payments/validate,payer_date_of_birth,string,optional,formData,date,,,^\\d{4}-\\d{2}-\\d{2}$,
POST,/payments/validate,payer_identification_type,string,optional,formData,,,,,true
POST,/payments/validate,payer_identification_value,string,optional,formData,,1,255,,
POST,/payments/validate,unique_request_id,string,optional,formData,uuid,36,36,^[a-fA-F0-9]{8}-[a-fA-F0-9]{4}-[a-fA-F0-9]{4}-[a-fA-F0-9]{4}-[a-fA-F0-9]{12}$,
POST,/payments/validate,ultimate_beneficiary_name,string,optional,formData,,1,255,,
POST,/payments/validate,purpose_code,string,optional,formData,,1,255,,
POST,/payments/validate,on_behalf_of,string,optional,formData,uuid,36,36,^[a-fA-F0-9]{8}-[a-fA-F0-9]{4}-[a-fA-F0-9]{4}-[a-fA-F0-9]{4}-[a-fA-F0-9]{12}$,
POST,/payments/validate,charge_type,string,optional,formData,,,,,true
POST,/payments/validate,fee_amount,string,optional,formData,,,,"^\d+(\.\d{1,3})?$",
POST,/payments/validate,fee_currency,string,optional,formData,iso-4217,3,3,^[A-Z]{3}$,
POST,/payments/{id}/notifications/retry,X-Auth-Token,string,required,header,uuid,36,36,,
POST,/payments/{id}/notifications/retry,id,string,required,path,uuid,36,36,^[0-9a-fA-F-]{36}$,
POST,/payments/{id}/notifications/retry,notification_type,string,required,query,,,,,true
GET,/payers/{id},X-Auth-Token,string,required,header,uuid,36,36,^[a-fA-F0-9]{8}-[a-fA-F0-9]{4}-[a-fA-F0-9]{4}-[a-fA-F0-9]{4}-[a-fA-F0-9]{12}$,
GET,/payers/{id},id,string,required,path,uuid,36,36,^[a-fA-F0-9]{8}-[a-fA-F0-9]{4}-[a-fA-F0-9]{4}-[a-fA-F0-9]{4}-[a-fA-F0-9]{12}$,
GET,/payers/{id},on_behalf_of,string,optional,query,uuid,36,36,^[a-fA-F0-9]{8}-[a-fA-F0-9]{4}-[a-fA-F0-9]{4}-[a-fA-F0-9]{4}-[a-fA-F0-9]{12}$,
GET,/rates/find,X-Auth-Token,string,required,header,uuid,36,36,^[a-fA-F0-9]{8}-[a-fA-F0-9]{4}-[a-fA-F0-9]{4}-[a-fA-F0-9]{4}-[a-fA-F0-9]{12}$,
GET,/rates/find,currency_pair,string,required,query,,6,6,^[A-Z]{6}$,
GET,/rates/find,on_behalf_of,string,optional,query,uuid,36,36,^[a-fA-F0-9]{8}-[a-fA-F0-9]{4}-[a-fA-F0-9]{4}-[a-fA-F0-9]{4}-[a-fA-F0-9]{12}$,
GET,/rates/find,ignore_invalid_pairs,boolean,optional,query,,,,,
GET,/rates/detailed,X-Auth-Token,string,required,header,uuid,36,36,^[a-fA-F0-9]{8}-[a-fA-F0-9]{4}-[a-fA-F0-9]{4}-[a-fA-F0-9]{4}-[a-fA-F0-9]{12}$,
GET,/rates/detailed,buy_currency,string,required,query,iso-4217,3,3,^[A-Z]{3}$,
GET,/rates/detailed,sell_currency,string,required,query,iso-4217,3,3,^[A-Z]{3}$,
GET,/rates/detailed,fixed_side,string,required,query,,,,,true
GET,/rates/detailed,amount,string,required,query,,,,"^\d+(\.\d{1,3})?$",
GET,/rates/detailed,on_behalf_of,string,optional,query,uuid,36,36,^[a-fA-F0-9]{8}-[a-fA-F0-9]{4}-[a-fA-F0-9]{4}-[a-fA-F0-9]{4}-[a-fA-F0-9]{12}$,
GET,/rates/detailed,conversion_date,string,optional,query,date,,,,
GET,/rates/detailed,conversion_date_preference,string,optional,query,,,,,true
POST,/reference/bank_details/find,X-Auth-Token,string,required,header,uuid,36,36,^[a-fA-F0-9]{8}-[a-fA-F0-9]{4}-[a-fA-F0-9]{4}-[a-fA-F0-9]{4}-[a-fA-F0-9]{12}$,
POST,/reference/bank_details/find,identifier_type,string,required,formData,,,,,true
POST,/reference/bank_details/find,identifier_value,string,required,formData,,1,255,,
GET,/reference/beneficiary_required_details,X-Auth-Token,string,required,header,uuid,36,36,^[a-fA-F0-9]{8}-[a-fA-F0-9]{4}-[a-fA-F0-9]{4}-[a-fA-F0-9]{4}-[a-fA-F0-9]{12}$,
GET,/reference/beneficiary_required_details,currency,string,required,query,iso-4217,3,3,^[A-Z]{3}$,
GET,/reference/beneficiary_required_details,bank_account_country,string,required,query,iso3166-1-alpha-2,,,^[A-Z]{2}$,
GET,/reference/beneficiary_required_details,beneficiary_country,string,required,query,iso3166-1-alpha-2,,,^[A-Z]{2}$,
GET,/reference/conversion_dates,X-Auth-Token,string,required,header,uuid,36,36,^[a-fA-F0-9]{8}-[a-fA-F0-9]{4}-[a-fA-F0-9]{4}-[a-fA-F0-9]{4}-[a-fA-F0-9]{12}$,
GET,/reference/conversion_dates,conversion_pair,string,required,query,,,,^[A-Z]{6}$,
GET,/reference/conversion_dates,start_date,string,optional,query,date,,,,
GET,/reference/conversion_dates,on_behalf_of,string,optional,query,uuid,36,36,^[a-fA-F0-9]{8}-[a-fA-F0-9]{4}-[a-fA-F0-9]{4}-[a-fA-F0-9]{4}-[a-fA-F0-9]{12}$,
GET,/reference/currencies,X-Auth-Token,string,required,header,uuid,36,36,^[a-fA-F0-9]{8}-[a-fA-F0-9]{4}-[a-fA-F0-9]{4}-[a-fA-F0-9]{4}-[a-fA-F0-9]{12}$,
GET,/reference/payer_required_details,X-Auth-Token,string,required,header,uuid,36,36,^[a-fA-F0-9]{8}-[a-fA-F0-9]{4}-[a-fA-F0-9]{4}-[a-fA-F0-9]{4}-[a-fA-F0-9]{12}$,
GET,/reference/payer_required_details,payer_country,string,required,query,iso3166-1-alpha-2,,,^[A-Z]{2}$,
GET,/reference/payer_required_details,payer_entity_type,string,optional,query,,,,,true
GET,/reference/payer_required_details,payment_type,string,optional,query,,,,,true
GET,/reference/payer_required_details,currency,string,optional,query,iso-4217,3,3,^[A-Z]{3}$,
GET,/reference/payment_dates,X-Auth-Token,string,required,header,uuid,36,36,^[a-fA-F0-9]{8}-[a-fA-F0-9]{4}-[a-fA-F0-9]{4}-[a-fA-F0-9]{4}-[a-fA-F0-9]{12}$,
GET,/reference/payment_dates,currency,string,required,query,iso-4217,3,3,^[A-Z]{3}$,
GET,/reference/payment_dates,start_date,string,optional,query,date,,,,
GET,/reference/payment_fee_rules,X-Auth-Token,string,required,header,uuid,36,36,^[a-fA-F0-9]{8}-[a-fA-F0-9]{4}-[a-fA-F0-9]{4}-[a-fA-F0-9]{4}-[a-fA-F0-9]{12}$,
GET,/reference/payment_fee_rules,account_id,string,optional,query,uuid,36,36,^[a-fA-F0-9]{8}-[a-fA-F0-9]{4}-[a-fA-F0-9]{4}-[a-fA-F0-9]{4}-[a-fA-F0-9]{12}$,
GET,/reference/payment_fee_rules,payment_type,string,optional,query,,,,,true
GET,/reference/payment_fee_rules,charge_type,string,optional,query,,,,,true
GET,/reference/payment_purpose_codes,X-Auth-Token,string,required,header,uuid,36,36,^[a-fA-F0-9]{8}-[a-fA-F0-9]{4}-[a-fA-F0-9]{4}-[a-fA-F0-9]{4}-[a-fA-F0-9]{12}$,
GET,/reference/payment_purpose_codes,currency,string,required,query,iso-4217,3,3,^[A-Z]{3}$,
GET,/reference/payment_purpose_codes,entity_type,string,optional,query,,,,,true
GET,/reference/payment_purpose_codes,bank_account_country,string,required,query,iso3166-1-alpha-2,,,^[A-Z]{2}$,
GET,/reference/settlement_accounts,X-Auth-Token,string,required,header,uuid,36,36,^[a-fA-F0-9]{8}-[a-fA-F0-9]{4}-[a-fA-F0-9]{4}-[a-fA-F0-9]{4}-[a-fA-F0-9]{12}$,
GET,/reference/settlement_accounts,currency,string,optional,query,iso-4217,3,3,^[A-Z]{3}$,
GET,/reference/settlement_accounts,account_id,string,optional,query,uuid,36,36,^[a-fA-F0-9]{8}-[a-fA-F0-9]{4}-[a-fA-F0-9]{4}-[a-fA-F0-9]{4}-[a-fA-F0-9]{12}$,
POST,/reports/conversions/create,X-Auth-Token,string,required,header,uuid,36,36,^[a-fA-F0-9]{8}-[a-fA-F0-9]{4}-[a-fA-F0-9]{4}-[a-fA-F0-9]{4}-[a-fA-F0-9]{12}$,
POST,/reports/conversions/create,on_behalf_of,string,optional,formData,uuid,36,36,^[a-fA-F0-9]{8}-[a-fA-F0-9]{4}-[a-fA-F0-9]{4}-[a-fA-F0-9]{4}-[a-fA-F0-9]{12}$,
POST,/reports/conversions/create,description,string,optional,formData,,1,255,,
POST,/reports/conversions/create,buy_currency,string,optional,formData,iso-4217,3,3,^[A-Z]{3}$,
POST,/reports/conversions/create,sell_currency,string,optional,formData,iso-4217,3,3,^[A-Z]{3}$,
POST,/reports/conversions/create,client_buy_amount_from,string,optional,formData,numeric,,,,
POST,/reports/conversions/create,client_buy_amount_to,string,optional,formData,numeric,,,,
POST,/reports/conversions/create,client_sell_amount_from,string,optional,formData,numeric,,,,
POST,/reports/conversions/create,client_sell_amount_to,string,optional,formData,numeric,,,,
POST,/reports/conversions/create,partner_buy_amount_from,string,optional,formData,numeric,,,"^\d+(\.\d{1,3})?$",
POST,/reports/conversions/create,partner_buy_amount_to,string,optional,formData,numeric,,,"^\d+(\.\d{1,3})?$",
POST,/reports/conversions/create,partner_sell_amount_from,string,optional,formData,numeric,,,"^\d+(\.\d{1,3})?$",
POST,/reports/conversions/create,partner_sell_amount_to,string,optional,formData,numeric,,,"^\d+(\.\d{1,3})?$",
POST,/reports/conversions/create,client_status,string,optional,formData,,,,,true
POST,/reports/conversions/create,conversion_date_from,string,optional,formData,date,,,^\\d{4}-\\d{2}-\\d{2}$,
POST,/reports/conversions/create,conversion_date_to,string,optional,formData,date,,,^\\d{4}-\\d{2}-\\d{2}$,
POST,/reports/conversions/create,settlement_date_from,string,optional,formData,date,,,^\\d{4}-\\d{2}-\\d{2}$,
POST,/reports/conversions/create,settlement_date_to,string,optional,formData,date,,,^\\d{4}-\\d{2}-\\d{2}$,
POST,/reports/conversions/create,created_at_from,string,optional,formData,date,,,^\\d{4}-\\d{2}-\\d{2}$,
POST,/reports/conversions/create,created_at_to,string,optional,formData,date,,,^\\d{4}-\\d{2}-\\d{2}$,
POST,/reports/conversions/create,updated_at_from,string,optional,formData,date,,,^\\d{4}-\\d{2}-\\d{2}$,
POST,/reports/conversions/create,updated_at_to,string,optional,formData,date,,,^\\d{4}-\\d{2}-\\d{2}$,
POST,/reports/conversions/create,unique_request_id,string,optional,formData,uuid,36,36,^[a-fA-F0-9]{8}-[a-fA-F0-9]{4}-[a-fA-F0-9]{4}-[a-fA-F0-9]{4}-[a-fA-F0-9]{12}$,
POST,/reports/conversions/create,scope,string,optional,formData,,,,,true
POST,/reports/payments/create,X-Auth-Token,string,required,header,uuid,36,36,^[a-fA-F0-9]{8}-[a-fA-F0-9]{4}-[a-fA-F0-9]{4}-[a-fA-F0-9]{4}-[a-fA-F0-9]{12}$,
POST,/reports/payments/create,on_behalf_of,string,optional,formData,uuid,36,36,^[a-fA-F0-9]{8}-[a-fA-F0-9]{4}-[a-fA-F0-9]{4}-[a-fA-F0-9]{4}-[a-fA-F0-9]{12}$,
POST,/reports/payments/create,description,string,optional,formData,,1,255,,
POST,/reports/payments/create,currency,string,optional,formData,iso-4217,3,3,^[A-Z]{3}$,
POST,/reports/payments/create,amount_from,number,optional,formData,,,,"^\d+(\.\d{1,3})?$",
POST,/reports/payments/create,amount_to,number,optional,formData,,,,"^\d+(\.\d{1,3})?$",
POST,/reports/payments/create,bulk_upload_reference,string,optional,formData,,1,255,,
POST,/reports/payments/create,status,string,optional,formData,,,,,
POST,/reports/payments/create,payment_date_from,string,optional,formData,date,,,,
POST,/reports/payments/create,payment_date_to,string,optional,formData,date,,,,
POST,/reports/payments/create,transferred_at_from,string,optional,formData,date,,,,
POST,/reports/payments/create,transferred_at_to,string,optional,formData,date,,,,
POST,/reports/payments/create,created_at_from,string,optional,formData,date,,,^\\d{4}-\\d{2}-\\d{2}$,
POST,/reports/payments/create,created_at_to,string,optional,formData,date,,,^\\d{4}-\\d{2}-\\d{2}$,
POST,/reports/payments/create,updated_at_from,string,optional,formData,date,,,^\\d{4}-\\d{2}-\\d{2}$,
POST,/reports/payments/create,updated_at_to,string,optional,formData,date,,,^\\d{4}-\\d{2}-\\d{2}$,
POST,/reports/payments/create,beneficiary_id,string,optional,formData,uuid,36,36,^[a-fA-F0-9]{8}-[a-fA-F0-9]{4}-[a-fA-F0-9]{4}-[a-fA-F0-9]{4}-[a-fA-F0-9]{12}$,
POST,/reports/payments/create,conversion_id,string,optional,formData,uuid,36,36,^[a-fA-F0-9]{8}-[a-fA-F0-9]{4}-[a-fA-F0-9]{4}-[a-fA-F0-9]{4}-[a-fA-F0-9]{12}$,
POST,/reports/payments/create,with_deleted,boolean,optional,formData,,,,,
POST,/reports/payments/create,payment_group_id,string,optional,formData,,1,255,,
POST,/reports/payments/create,unique_request_id,string,optional,formData,uuid,36,36,^[a-fA-F0-9]{8}-[a-fA-F0-9]{4}-[a-fA-F0-9]{4}-[a-fA-F0-9]{4}-[a-fA-F0-9]{12}$,
POST,/reports/payments/create,scope,string,optional,formData,,,,,
GET,/reports/report_requests/find,X-Auth-Token,string,required,header,uuid,36,36,^[a-fA-F0-9]{8}-[a-fA-F0-9]{4}-[a-fA-F0-9]{4}-[a-fA-F0-9]{4}-[a-fA-F0-9]{12}$,
GET,/reports/report_requests/find,short_reference,string,optional,query,,1,25,,
GET,/reports/report_requests/find,description,string,optional,query,,1,255,,
GET,/reports/report_requests/find,created_at_from,string,optional,query,date,,,^\\d{4}-\\d{2}-\\d{2}$,
GET,/reports/report_requests/find,created_at_to,string,optional,query,date,,,^\\d{4}-\\d{2}-\\d{2}$,
GET,/reports/report_requests/find,updated_at_from,string,optional,query,date,,,^\\d{4}-\\d{2}-\\d{2}$,
GET,/reports/report_requests/find,updated_at_to,string,optional,query,date,,,^\\d{4}-\\d{2}-\\d{2}$,
GET,/reports/report_requests/find,expiration_date_from,string,optional,query,date,,,,
GET,/reports/report_requests/find,expiration_date_to,string,optional,query,date,,,,
GET,/reports/report_requests/find,status,string,optional,query,,,,,true
GET,/reports/report_requests/find,report_type,string,optional,query,,,,,true
GET,/reports/report_requests/find,page,integer,optional,query,,,,^\d+$,
GET,/reports/report_requests/find,per_page,integer,optional,query,,,,^\d+$,
GET,/reports/report_requests/find,order,string,optional,query,,1,255,,
GET,/reports/report_requests/find,order_asc_desc,string,optional,query,,,,,true
GET,/reports/report_requests/find,scope,string,optional,query,,,,,true
GET,/reports/report_requests/{id},X-Auth-Token,string,required,header,uuid,36,36,^[a-fA-F0-9]{8}-[a-fA-F0-9]{4}-[a-fA-F0-9]{4}-[a-fA-F0-9]{4}-[a-fA-F0-9]{12}$,
GET,/reports/report_requests/{id},id,string,required,path,uuid,36,36,^[a-fA-F0-9]{8}-[a-fA-F0-9]{4}-[a-fA-F0-9]{4}-[a-fA-F0-9]{4}-[a-fA-F0-9]{12}$,
GET,/reports/report_requests/{id},on_behalf_of,string,optional,query,uuid,36,36,^[a-fA-F0-9]{8}-[a-fA-F0-9]{4}-[a-fA-F0-9]{4}-[a-fA-F0-9]{4}-[a-fA-F0-9]{12}$,
GET,/transactions/sender/{id},X-Auth-Token,string,required,header,uuid,36,36,^[a-fA-F0-9]{8}-[a-fA-F0-9]{4}-[a-fA-F0-9]{4}-[a-fA-F0-9]{4}-[a-fA-F0-9]{12}$,
GET,/transactions/sender/{id},id,string,required,path,uuid,36,36,^[a-fA-F0-9]{8}-[a-fA-F0-9]{4}-[a-fA-F0-9]{4}-[a-fA-F0-9]{4}-[a-fA-F0-9]{12}$,
GET,/transactions/sender/{id},on_behalf_of,string,optional,query,uuid,36,36,^[a-fA-F0-9]{8}-[a-fA-F0-9]{4}-[a-fA-F0-9]{4}-[a-fA-F0-9]{4}-[a-fA-F0-9]{12}$,
GET,/transactions/find,X-Auth-Token,string,required,header,uuid,36,36,^[a-fA-F0-9]{8}-[a-fA-F0-9]{4}-[a-fA-F0-9]{4}-[a-fA-F0-9]{4}-[a-fA-F0-9]{12}$,
GET,/transactions/find,on_behalf_of,string,optional,query,uuid,36,36,^[a-fA-F0-9]{8}-[a-fA-F0-9]{4}-[a-fA-F0-9]{4}-[a-fA-F0-9]{4}-[a-fA-F0-9]{12}$,
GET,/transactions/find,currency,string,optional,query,iso-4217,3,3,^[A-Z]{3}$,
GET,/transactions/find,amount,string,optional,query,,,,"^\d+(\.\d{1,3})?$",
GET,/transactions/find,amount_from,string,optional,query,,,,"^\d+(\.\d{1,3})?$",
GET,/transactions/find,amount_to,string,optional,query,,,,"^\d+(\.\d{1,3})?$",
GET,/transactions/find,action,string,optional,query,,,,,true
GET,/transactions/find,related_entity_type,string,optional,query,,,,,true
GET,/transactions/find,related_entity_id,string,optional,query,uuid,36,36,^[a-fA-F0-9]{8}-[a-fA-F0-9]{4}-[a-fA-F0-9]{4}-[a-fA-F0-9]{4}-[a-fA-F0-9]{12}$,
GET,/transactions/find,related_entity_short_reference,string,optional,query,,1,25,,
GET,/transactions/find,status,string,optional,query,,,,,true
GET,/transactions/find,type,string,optional,query,,,,,true
GET,/transactions/find,settles_at_from,string,optional,query,date-time,,,,
GET,/transactions/find,settles_at_to,string,optional,query,date-time,,,,
GET,/transactions/find,created_at_from,string,optional,query,date-time,,,^\\d{4}-\\d{2}-\\d{2}$,
GET,/transactions/find,created_at_to,string,optional,query,date-time,,,^\\d{4}-\\d{2}-\\d{2}$,
GET,/transactions/find,updated_at_from,string,optional,query,date-time,,,^\\d{4}-\\d{2}-\\d{2}$,
GET,/transactions/find,updated_at_to,string,optional,query,date-time,,,^\\d{4}-\\d{2}-\\d{2}$,
GET,/transactions/find,completed_at_from,string,optional,query,date-time,,,,
GET,/transactions/find,completed_at_to,string,optional,query,date-time,,,,
GET,/transactions/find,beneficiary_id,string,optional,query,uuid,36,36,^[a-fA-F0-9]{8}-[a-fA-F0-9]{4}-[a-fA-F0-9]{4}-[a-fA-F0-9]{4}-[a-fA-F0-9]{12}$,
GET,/transactions/find,currency_pair,string,optional,query,,6,6,^[A-Z]{6}$,
GET,/transactions/find,scope,string,optional,query,,,,,true
GET,/transactions/find,page,integer,optional,query,,,,^\d+$,
GET,/transactions/find,per_page,integer,optional,query,,,,^\d+$,
GET,/transactions/find,order,string,optional,query,,1,255,,
GET,/transactions/find,order_asc_desc,string,optional,query,,,,,true
GET,/transactions/{id},X-Auth-Token,string,required,header,uuid,36,36,^[a-fA-F0-9]{8}-[a-fA-F0-9]{4}-[a-fA-F0-9]{4}-[a-fA-F0-9]{4}-[a-fA-F0-9]{12}$,
GET,/transactions/{id},id,string,required,path,uuid,36,36,^[a-fA-F0-9]{8}-[a-fA-F0-9]{4}-[a-fA-F0-9]{4}-[a-fA-F0-9]{4}-[a-fA-F0-9]{12}$,
GET,/transactions/{id},on_behalf_of,string,optional,query,uuid,36,36,^[a-fA-F0-9]{8}-[a-fA-F0-9]{4}-[a-fA-F0-9]{4}-[a-fA-F0-9]{4}-[a-fA-F0-9]{12}$,
POST,/transfers/create,X-Auth-Token,string,required,header,uuid,36,36,^[a-fA-F0-9]{8}-[a-fA-F0-9]{4}-[a-fA-F0-9]{4}-[a-fA-F0-9]{4}-[a-fA-F0-9]{12}$,
POST,/transfers/create,source_account_id,string,required,formData,uuid,36,36,^[a-fA-F0-9]{8}-[a-fA-F0-9]{4}-[a-fA-F0-9]{4}-[a-fA-F0-9]{4}-[a-fA-F0-9]{12}$,
POST,/transfers/create,destination_account_id,string,required,formData,uuid,36,36,^[a-fA-F0-9]{8}-[a-fA-F0-9]{4}-[a-fA-F0-9]{4}-[a-fA-F0-9]{4}-[a-fA-F0-9]{12}$,
POST,/transfers/create,currency,string,required,formData,iso-4217,3,3,^[A-Z]{3}$,
POST,/transfers/create,amount,number,required,formData,,,,"^\d+(\.\d{1,3})?$",
POST,/transfers/create,reason,string,optional,formData,,1,255,,
POST,/transfers/create,unique_request_id,string,optional,formData,uuid,36,36,^[a-fA-F0-9]{8}-[a-fA-F0-9]{4}-[a-fA-F0-9]{4}-[a-fA-F0-9]{4}-[a-fA-F0-9]{12}$,
GET,/transfers/{id},X-Auth-Token,string,required,header,uuid,36,36,^[a-fA-F0-9]{8}-[a-fA-F0-9]{4}-[a-fA-F0-9]{4}-[a-fA-F0-9]{4}-[a-fA-F0-9]{12}$,
GET,/transfers/{id},id,string,required,path,uuid,36,36,^[a-fA-F0-9]{8}-[a-fA-F0-9]{4}-[a-fA-F0-9]{4}-[a-fA-F0-9]{4}-[a-fA-F0-9]{12}$,
GET,/transfers/{id},on_behalf_of,string,optional,query,uuid,36,36,^[a-fA-F0-9]{8}-[a-fA-F0-9]{4}-[a-fA-F0-9]{4}-[a-fA-F0-9]{4}-[a-fA-F0-9]{12}$,
GET,/transfers/find,X-Auth-Token,string,required,header,uuid,36,36,^[a-fA-F0-9]{8}-[a-fA-F0-9]{4}-[a-fA-F0-9]{4}-[a-fA-F0-9]{4}-[a-fA-F0-9]{12}$,
GET,/transfers/find,on_behalf_of,string,optional,query,uuid,36,36,^[a-fA-F0-9]{8}-[a-fA-F0-9]{4}-[a-fA-F0-9]{4}-[a-fA-F0-9]{4}-[a-fA-F0-9]{12}$,
GET,/transfers/find,short_reference,string,optional,query,,1,25,,
GET,/transfers/find,source_account_id,string,optional,query,uuid,36,36,^[a-fA-F0-9]{8}-[a-fA-F0-9]{4}-[a-fA-F0-9]{4}-[a-fA-F0-9]{4}-[a-fA-F0-9]{12}$,
GET,/transfers/find,destination_account_id,string,optional,query,uuid,36,36,^[a-fA-F0-9]{8}-[a-fA-F0-9]{4}-[a-fA-F0-9]{4}-[a-fA-F0-9]{4}-[a-fA-F0-9]{12}$,
GET,/transfers/find,status,string,optional,query,,,,,true
GET,/transfers/find,currency,string,optional,query,iso-4217,3,3,^[A-Z]{3}$,
GET,/transfers/find,amount_from,number,optional,query,,,,"^\d+(\.\d{1,3})?$",
GET,/transfers/find,amount_to,number,optional,query,,,,"^\d+(\.\d{1,3})?$",
GET,/transfers/find,created_at_from,string,optional,query,date-time,,,^\\d{4}-\\d{2}-\\d{2}$,
GET,/transfers/find,created_at_to,string,optional,query,date-time,,,^\\d{4}-\\d{2}-\\d{2}$,
GET,/transfers/find,updated_at_from,string,optional,query,date-time,,,^\\d{4}-\\d{2}-\\d{2}$,
GET,/transfers/find,updated_at_to,string,optional,query,date-time,,,^\\d{4}-\\d{2}-\\d{2}$,
GET,/transfers/find,completed_at_from,string,optional,query,date-time,,,,
GET,/transfers/find,completed_at_to,string,optional,query,date-time,,,,
GET,/transfers/find,creator_contact_id,string,optional,query,uuid,36,36,^[a-fA-F0-9]{8}-[a-fA-F0-9]{4}-[a-fA-F0-9]{4}-[a-fA-F0-9]{4}-[a-fA-F0-9]{12}$,
GET,/transfers/find,creator_account_id,string,optional,query,uuid,36,36,^[a-fA-F0-9]{8}-[a-fA-F0-9]{4}-[a-fA-F0-9]{4}-[a-fA-F0-9]{4}-[a-fA-F0-9]{12}$,
GET,/transfers/find,page,integer,optional,query,,,,^\d+$,
GET,/transfers/find,per_page,integer,optional,query,,,,^\d+$,
GET,/transfers/find,order,string,optional,query,,1,255,,true
GET,/transfers/find,order_asc_desc,string,optional,query,,,,,true
GET,/transfers/find,unique_request_id,string,optional,query,uuid,36,36,^[a-fA-F0-9]{8}-[a-fA-F0-9]{4}-[a-fA-F0-9]{4}-[a-fA-F0-9]{4}-[a-fA-F0-9]{12}$,
POST,/transfers/{id}/cancel,X-Auth-Token,string,required,header,uuid,36,36,^[a-fA-F0-9]{8}-[a-fA-F0-9]{4}-[a-fA-F0-9]{4}-[a-fA-F0-9]{4}-[a-fA-F0-9]{12}$,
POST,/transfers/{id}/cancel,id,string,required,path,uuid,36,36,^[a-fA-F0-9]{8}-[a-fA-F0-9]{4}-[a-fA-F0-9]{4}-[a-fA-F0-9]{4}-[a-fA-F0-9]{12}$,
GET,/withdrawal_accounts/find,X-Auth-Token,string,required,header,uuid,36,36,^[a-fA-F0-9]{8}-[a-fA-F0-9]{4}-[a-fA-F0-9]{4}-[a-fA-F0-9]{4}-[a-fA-F0-9]{12}$,
GET,/withdrawal_accounts/find,account_id,string,optional,query,uuid,36,36,^[a-fA-F0-9]{8}-[a-fA-F0-9]{4}-[a-fA-F0-9]{4}-[a-fA-F0-9]{4}-[a-fA-F0-9]{12}$,
POST,/withdrawal_accounts/{withdrawal_account_id}/pull_funds,X-Auth-Token,string,required,header,uuid,36,36,^[a-fA-F0-9]{8}-[a-fA-F0-9]{4}-[a-fA-F0-9]{4}-[a-fA-F0-9]{4}-[a-fA-F0-9]{12}$,
POST,/withdrawal_accounts/{withdrawal_account_id}/pull_funds,withdrawal_account_id,string,required,path,uuid,36,36,^[a-fA-F0-9]{8}-[a-fA-F0-9]{4}-[a-fA-F0-9]{4}-[a-fA-F0-9]{4}-[a-fA-F0-9]{12}$,
POST,/withdrawal_accounts/{withdrawal_account_id}/pull_funds,reference,string,required,formData,,1,255,,
POST,/withdrawal_accounts/{withdrawal_account_id}/pull_funds,amount,number,required,formData,,,,"^\d+(\.\d{1,3})?$",
POST,/demo/funding/create,X-Auth-Token,string,required,header,uuid,36,36,^[a-fA-F0-9]{8}-[a-fA-F0-9]{4}-[a-fA-F0-9]{4}-[a-fA-F0-9]{4}-[a-fA-F0-9]{12}$,
POST,/demo/funding/create,id,string,required,formData,uuid,36,36,^[a-fA-F0-9]{8}-[a-fA-F0-9]{4}-[a-fA-F0-9]{4}-[a-fA-F0-9]{4}-[a-fA-F0-9]{12}$,
POST,/demo/funding/create,sender_name,string,optional,formData,,1,255,,
POST,/demo/funding/create,sender_address,string,optional,formData,,1,255,,
POST,/demo/funding/create,sender_country,string,optional,formData,iso3166-1-alpha-2,,,^[A-Z]{2}$,
POST,/demo/funding/create,sender_reference,string,optional,formData,,1,255,,
POST,/demo/funding/create,sender_account_number,string,optional,formData,,1,255,,
POST,/demo/funding/create,sender_routing_code,string,optional,formData,,1,255,,
POST,/demo/funding/create,receiver_account_number,string,required,formData,,1,255,,
POST,/demo/funding/create,receiver_routing_code,string,optional,formData,,1,255,,
POST,/demo/funding/create,amount,number,required,formData,,,,"^\d+(\.\d{1,3})?$",
POST,/demo/funding/create,currency,string,required,formData,iso-4217,3,3,^[A-Z]{3}$,
POST,/demo/funding/create,action,string,optional,formData,,,,,true
POST,/demo/funding/create,on_behalf_of,string,optional,formData,uuid,36,36,^[a-fA-F0-9]{8}-[a-fA-F0-9]{4}-[a-fA-F0-9]{4}-[a-fA-F0-9]{4}-[a-fA-F0-9]{12}$,
PUT,/collections_screening/{transactionId}/complete,X-Auth-Token,string,required,header,uuid,36,36,^[a-fA-F0-9]{8}-[a-fA-F0-9]{4}-[a-fA-F0-9]{4}-[a-fA-F0-9]{4}-[a-fA-F0-9]{12}$,
PUT,/collections_screening/{transactionId}/complete,transactionId,string,required,path,uuid,36,36,^[a-fA-F0-9]{8}-[a-fA-F0-9]{4}-[a-fA-F0-9]{4}-[a-fA-F0-9]{4}-[a-fA-F0-9]{12}$,
PUT,/collections_screening/{transactionId}/complete,accepted,boolean,required,formData,,,,,true
PUT,/collections_screening/{transactionId}/complete,reason,string,required,formData,,1,255,,true
